customer_id,code
6558f8388bbd2a6070f8f86f,EUM
63d23e6184cb6751d61db970,AIH
66d303a84a0648f19d1dbf7f,YRM
62b0904decc1670013742dd1,JSH
66a7e97e3ae6dbea6da6b796,ZAJ
64090609a098d04dc2b94d21,CPS
67408d5e377f8f424ec5c74d,JSH
674444504a3560d2922a59a6,ZAJ
65d5dcb6584cac4861473e19,EUD
66dc3e5f0130a52561324aaf,LFY
651fbf3c8d212d1a8e1f9639,AIH
63c17d8ed15c10c6a7aaa082,ULE
66c85659c5265e95d2da87fc,ULY
65fee1bcfa70602027b33dbd,JWM
6740dab9fbc7d96faec8bb74,EUM
63f33c91676ac5e19cd875b6,CPS
67445528d7a8ee6488bcf2f9,CPS
63d2b0f8375414aa8924f3e1,JSH
67445101d3a8ebaf4d40bdab,MGI
67444e1f8bfdf1f57fffb1dc,JSH
67444ec98d16d407fb7d7dec,JSH
6744a9acb4a240923828fc91,CPS
67444c788846476eed985442,JSH
67444e18d3145465e07e1a67,DXJ
673dab9a7b6548f7dfa21ba7,ZAJ
64d9e3178ab928426aead8fc,QPE
65f449ea50defa25519cabb5,EUM
65d1335220afa51d9bb4b86a,AIH
66ffee257ceab85647d72752,GSB
6608077ed3a314d835122b0a,ZVL
6740a26bd0d026a9241b8541,QRL
650af9f517d90ec7401705e7,DXJ
662a07c13069632799be1f1c,SPT
62b091deb8840077dd82e950,DXJ
673e4ec189f99501c8675e20,AIH
67445d47a3ce9cc3da171024,JZT
6744727201e239fe1c446162,RFD
62b09a944e5398500c47acd0,EUM
6646150719a5f94ca536ff8a,OAL
674488a244b4e3ca0736851e,ZAJ
641c72919477bd544ebc0ea0,CPS
67449b038f0c730b567c5458,LUV
6744b0368d16d407fb8a656d,TCU
67446cc5a3ce9cc3da191a87,OAL
67447a20452dea4c8771fccc,CPS
6743b3c77728e54e0ca8a1d3,AIH
67439f0859e08051e51d8541,EUM
67224fd07d8522da0ed1e106,MTG
665dd03a6c7ca0fad6f49fa5,CDK
62b09a9b8d2d2e1e69a2486f,DXJ
66d57e2a869a274b626f08ed,ZAJ
64ba84847e4ee42d805cef0d,EUM
64ba84847e4ee42d805cef0d,EUM
6741d326854363c043d4eacd,ZAJ
6744c587071aece4e93dec5a,SCT
67445eb0a65448fc8ebd7c5b,MGI
6744ba388accdd7b2881a5b5,TCU
6745987c74606d6b1ded3a37,OAL
6745a0eb953bad7e73f6910d,BLT
65281ec875cf6e891f1ff810,AQD
62b097dd4e5398ea8b46f7ea,QPE
64cb63f6550d9e4db7c1005b,AQD
66102adef7afc0c9f043122c,EUM
63385e84992e906cc8092c80,QRL
663253b4222dda5058efa51a,WNF
646769db07b9ce5149b6c0ab,EUM
6744fbb8442a0ed0bb8cec70,EUM
637cf682a5e87b573e614dfb,JSH
6647b9b5627dfdb6ee9a4b98,SPT
64e31f998ca68d7842b759e3,VHO
66a21d1ad6b7efef738a51b6,WNF
64eb1163cbb09a6f5eacbce8,VHO
654ab37e5368c799f31c6ccb,QPE
654e5b4665df70e9a1ed0c7f,ULY
651fe6407edf27368df808d1,JWM
64b945abffe0d8245f0451e5,TCU
6745c9592a99ead141ce3c40,EUM
6741f3e4eac212287abf93c9,EUM
6742548291464e75fe071c0a,EUM
62b098d92638441266ddd8b7,SCT
67423c4912eb23253a8857d1,AIH
67449093c1e6f9dc13778e84,ZAJ
6745589774606d6b1de4c493,EAZ
6735e6a82769d0ec53ec0912,LUV
65d5dcb6584cac4861473e19,EUD
6743b3c77728e54e0ca8a1d3,AIH
6741d9f86fbe5dae7ef9dd0b,EUM
67439f0859e08051e51d8541,EUM
6740dab9fbc7d96faec8bb74,EUM
666298117b3ff426856bf2f8,QPE
66a101fcb3c9ce7c29cf72b1,GSB
66054ee53b6ce0f40dc90a48,QPE
66bb380beabe847ee0e78f76,ZAJ
66f292e877db5d36e4dda87b,AQD
674481e1744e7efcb75271e8,ZAJ
6744a60cd3145465e089d6d0,QAH
62b097dd4e5398ea8b46f7ea,QPE
6745bd72a9573c9871c4f12e,ZAJ
6744c587071aece4e93dec5a,SCT
66fd1d6a469dce1b8d1761b9,MTG
6745c724d14dc640d59bb5d1,MGI
67409ba9b06832837cc78cfc,TCU
6745a2b9e309e4c1fffc461f,OAL
66f59084a3ac3a66d1c8dce0,WNF
62b097b4c5088f44320ac17e,DXJ
65dc7e218511b77b98c617e1,EUM
64c1377c6d97f126c11cfd64,CPS
667ff619839d472a87dbc455,LFY
67439f0859e08051e51d8541,EUM
6739edbfcbd7897d2fd7704e,YRM
6650a45a78cfb848b02e5606,IBD
65ef7ec25ff11616a8d04de8,EUM
62b091664e5398528f4560b8,SPT
66aa3a52830a9a85790c724a,EUM
66646536af0fff1d8dc23a30,QPE
667e89d5aea24b3d3d692efc,BLT
6532436b65a704db523e1cb6,DXJ
65cdfc5c104c48350cedc917,QRL
66215ebac2a04f139fc68be5,EUM
6719045049c0512c5754bd72,OZX
64330ec85ed93fd8cc4191b1,ULY
62b0957d42fdad4277bb7eb2,SCT
6634c7d0637b60797263e900,MGI
62b091b1a785f08094719bb1,QPE
673b9236cc607f699fd1d02b,SPT
66c71e6a487f1e4f0b925f30,WNF
6689b644073de52ca087c206,VHO
672cc280ea2c574176fb542f,VMD
642c1fbb9f65f154b4aa7aef,WLB
67254c1077ae194eeff92a8b,AIH
6622318494c51c484b8ab690,QPE
62b08e5c11c11d0a4620f6d4,QPE
651eafa82c578d77d134d7fe,QPE
63b57eb6f12475771a9d579b,SCT
62bc82cf785466b84b1dfdb9,ZVL
674443a88accdd7b2871f42e,ZAJ
66cda4da4203ae1316541399,EUM
64849a490f0ff245790fb25f,QAH
65e0a4af191678628635575c,OZX
662b5b6784aed67617ae33c5,QPE
65313755446a083afcc25ffa,QRL
664f429710bbce11e7f3c2ea,QMO
665749b951e7b276a36633f9,XDN
66fe8e6883958630458a4b95,GDR
659e9ed02c6eb0fd39ee48c0,CPS
651144ab4b4b475048d0c251,ZBE
66fc202462ff4b158471c667,QRL
672116fc8fda74236786bdba,QJW
67028cb025d86f59cad79c54,MTG
64a2c50ba3ec7cdc8928956a,QPE
62d579bc8dbfe155d20d8ff5,DXJ
66feb9a8278eededbbce849d,GMI
6735da90e422f9036f37f4a5,GDR
64bd59b5fef661791f718172,LUV
62b09494a6ed682c5ed1b16c,SCT
6745d2235d5c35b12a6f760e,JZT
6745e0a1e3c0546dfad69ab1,JZT
6745eb6da9573c9871cb134e,JZT
6745d02ff534b558c1ae3bae,GDR
6745b5ff74606d6b1df13a83,OAL
6745f0f55554ddd67e3529a4,JZT
6745c20613650bdf66c0f1f2,AQD
6745ee5e740ad9b2f132dcd5,QRL
6745f21fd63ed934455119e5,RFD
6745f3de04333fadb9ac31ea,RFD
6745d2235d5c35b12a6f760e,JZT
6745c724d14dc640d59bb5d1,MGI
65e0a4af191678628635575c,OZX
6744c587071aece4e93dec5a,SCT
66e41b21321e69f10ee228f1,GSB
6732fadc93e69d6f1113f496,ZAJ
64ccd55fd6dd87fd2d916d55,JWM
6634c7d0637b60797263e900,MGI
65ef7ec25ff11616a8d04de8,EUM
63f8b776b2f84cfb51888cdb,CPS
65b27ab5629154ccc281aa9e,QMO
64bfa08ecdb0eb6a8fc76b4d,TCU
6704eef86ba7d01bb267a263,VMD
6741d9f86fbe5dae7ef9dd0b,EUM
6740b42508d31e7f295373a2,AIH
65e8611ccf884d66c2b6dbbe,BLT
673b750ad82d6631ef99a3fd,VMD
63d2b0f8375414aa8924f3e1,JSH
6746240b846bf4e5ba77e8e8,QJW
65e8b3c12e324a2aae857fbf,ZXA
65f9bbddcad67cb4368d4952,EUM
66efa3018483639a93f4e3da,ZAJ
67236d57c5f2bf64a9e25738,AQD
62b096cfa83fd93d6492b632,SPT
62b0929fe17bae4bb28ca838,DXJ
6746ec6b017f73ea82707339,GDR
6707ee2a2982fc534c7e2172,LUV
63a209b59c2ff6f7c804ecae,EUD
6630f26c5b51446d8c00019b,VHO
6454219c7d05a5243d06cc01,CPS
673230fefd803022c534c57e,EUD
6735d330de1b6969a4776e64,ZAF
62b0944c3247387d633ae0d5,QRL
673f55ddf8fc5a696c59141e,EUM
6744da347fa20fa555db4f40,EUM
666d5921e479ccc6f1e0500c,AQD
66c0df498b7adb3123a32f73,CPS
6745b9822a99ead141cc1cce,JZT
6745c0bc13650bdf66c0c6e4,XDN
6745d02ff534b558c1ae3bae,GDR
6690e6748d1e8af4449283e9,EAZ
63629da9a3167da59a9968ef,SPT
6745f21fd63ed934455119e5,RFD
64f1cc1c7de1ce09d376d01a,JWM
6745f3de04333fadb9ac31ea,RFD
62b0926a874ca63aa8a639d8,DXJ
66acd9ba11421ce6ee1031ee,JSH
66bdc92fd07b66d692529787,WLB
6406092ebfa11752fbd18bda,QRL
6740160c55140c94c61d6f24,AIH
67451747dda262f80cd82310,EUM
67451747dda262f80cd82310,EUM
637cf682a5e87b573e614dfb,JSH
6746240b846bf4e5ba77e8e8,QJW
674643234925d9339d402712,ZVL
674644becf44e7a28e0528a3,MOV
63060938fc51a47338a87572,SCT
665f43fd787fa4b8762f26a6,JSH
64b945abffe0d8245f0451e5,TCU
67423891ee8703bae97dfc6b,AIH
6687c5630aac905fa822f696,AIH
62b09851e58be3c414e56793,VHO
646779d5b28f1d7621649b6a,QMO
6571a3f507b004ae401a8fab,DXJ
65de4ca20c49615dbae36e30,EUM
6744fbb8442a0ed0bb8cec70,EUM
653c4dfa756c1c36b9c6e775,QPE
66559f4c2456823638897731,IBD
66e462660884ffb2edd940cc,QAH
6697a442a059670cf4baa26c,AQD
673f81e8b9807ed7187ffcd3,GDR
6477573f2717807a011dc726,EUM
67423c4912eb23253a8857d1,AIH
6740b42508d31e7f295373a2,AIH
6744d3f4f5d13047b44a96a2,MTG
6718d1d53cb1837031970e56,ZAJ
663a3f03b225fa9d55bc0db6,OZX
6450ce92b4628f70f30c8f04,QPE
6634edd0ae9e435d1c9b31a9,ULY
67457960a9573c9871bba6dd,EAZ
63244b15e111e21bc23b7688,JSH
65452a27347bd7973d217d9c,QRL
6690e6748d1e8af4449283e9,EAZ
66fa6cc35c7fc6d0f25e048c,AIH
640b7f80ac7bd4f06363823e,JSH
64145f0c51349b138d24831a,JSH
62b096188d2d2edcb2a1197a,DXJ
66e462660884ffb2edd940cc,QAH
6745c1b5a3d8ddc7be0481ac,ZAJ
66978e28065f23208e716787,JSH
67375d1e1e2b7f45b008a6a1,JWM
66c0df498b7adb3123a32f73,CPS
673debaca1e9102c81252af0,LUV
637e872b4ddf5036f20295a3,SPT
672f3d7c87abf1e1fce5085b,LUV
67472ae1b962cc8e9e15a860,EUM
66792aa2fd0ec6cfb80a9bb8,IBD
66a7e97e3ae6dbea6da6b796,ZAJ
6662deccc0bf5a572d20fe74,MOV
673345fa57155b65b8752a7d,ZXA
673e02936ac2532681105963,LUV
673e113ea1af1aa1aea68c88,LUV
66f6fb486d1c922f7d816930,LUV
6703bbb71f3f103a10af49b7,LUV
66f6df9a56a10df4358497f5,LUV
6703bf2fd9ee0110381c429c,LUV
637e872b4ddf5036f20295a3,SPT
66e861bb01bd011f49e6d17a,LUV
66f192180254c59997bc09a7,LUV
6747212c333c923db773c40a,ZAJ
6747178380cfe4c038aec17a,AQD
67472f094bf8f6ce663a0c07,OAL
67473ee6a8bd8d9b00b94564,JZT
6747513a846c3fa96d909835,GDR
6746fb43bf1259842409525a,QAH
66bc5f38f1afa31d1c7250e2,ZAJ
67471085333c923db7717618,ZAJ
674714e5074d5437a4ef08cc,ZAJ
644d214558add85eeefe3507,JWM
674715bdb7c4363663a9b04e,XDN
6740dab9fbc7d96faec8bb74,EUM
674729d681e1caaf42946899,GMI
66991ad7a13bc47fe4c91b63,CPS
67473ee6a8bd8d9b00b94564,JZT
67474bb1fbac7333c483ddcd,GDR
6747491b81e1caaf429889f4,XDN
64d913306a1f7c566bf1b448,QPE
67457960a9573c9871bba6dd,EAZ
660e77ad73fd99c94482eb14,DTY
65f9bbddcad67cb4368d4952,EUM
62b097baee2b4633954397b4,QPE
666d8e9f81b4fb0fac8c0e1f,CPS
67406e99e2265fbe9dee7b79,ZAJ
6617d68927c97f310f286095,AQD
663952014968d74926ce2a78,QMO
655738eaaeb03ffdeddadffc,GSB
655226af5f4db7c6d4bea422,JSH
62b096cfa83fd93d6492b632,SPT
63c8d2a8abc76de3f083b545,AIH
6722455de9e54c55a41379c8,QRL
62b09410eb6e8629790f5d70,DXJ
62b09093a785f0c26371591a,QPE
66f57a09c474b20191d743f9,GDR
67408d5e377f8f424ec5c74d,JSH
65abdfeedc3a7783681e290c,QPE
62b093c5a785f0d837721cca,JSH
66ba9b779bb46f877d2b8611,EUM
63c8d2a8abc76de3f083b545,AIH
65d78991b94db82219c54216,JWM
62fcec842b45aa780d3589be,QRL
65a4f6690f7d64e533313c43,ULY
6704f1efb83dd4f5350ce8c1,JSH
62b0953c92231361612f73c6,JSH
63b034c93b775e7a3de93f25,LUV
673b1c39fbd41dbdefda7b85,SCT
62b09455e146a307c977729c,JSH
66d0a7aba742f3156f8f1286,ZVL
6742ff549bf1d4cc94f84be3,ZVL
65254414f3fc30fafd75aa7e,SCT
62b08fbfa6ed68effcd09115,JSH
67447d0b241b7a673ada4a43,ZAJ
651ea28437bff90f4ec5bf90,VHO
650c42b832ddc4e84cd45edb,DTY
6610322eb7a9c226767f5c63,EUM
67465731fee6af1aaaeee12f,EUM
67465731fee6af1aaaeee12f,EUM
637b639ce632664befd36ab9,MGI
66a25a99d6b7ef3a0b96e8e1,GMI
645d1b367efd915a7a152b69,ULY
67462bcd20bba2124192c6b3,AIH
66fa980bf71565a2bc5b9cad,RFD
67476b238d5b0d2a402cce47,EUM
62b09088a785f0910171567a,QPE
64c904d219c2cc9f577610c3,SPT
6321f71ffd3c347689931f2d,LUV
6623b49c1a57b614af303a83,EUM
6318aba3cd23b137c03c591f,QRL
6318aba3cd23b137c03c591f,QRL
62b094419a86fd1f11309b21,QPE
65a94367dd5cbde758bab127,TCU
65310e0cf110fc69f37ea3e3,RFD
6686ca75924a841e2e10f7e2,XDN
62b09abd42fdad27b4bcdaed,VHO
66d2e65811f9b46dc9c5db91,EUM
662fb6e9f8ead5880684debc,VHO
64831ed6131af8d12ea2bdaf,DXJ
6747a8b9008c29dc28b2682f,GYQ
6747aa106a82cee9d540bd8e,GYQ
6747a9548d5b0d2a4035b929,GYQ
6747a9548d5b0d2a4035b929,GYQ
67423c4912eb23253a8857d1,AIH
65688b0fe27b350b31f01b82,TCU
6651ceb58cb3c3984d2bcd79,XDN
62b0937fb884003b2e834e77,QPE
62b0937fb884003b2e834e77,QPE
66792aa2fd0ec6cfb80a9bb8,IBD
63298cf56f3260be5152b7ad,QAH
674744f510291e8baf70b420,QRL
6743b3c77728e54e0ca8a1d3,AIH
6726905419be009f6e43e6dc,EUM
6746f89075dc1969205a4756,AIH
6652fedba67089f7c4c47c29,VHO
664768baad5af0df3ab7e194,QMO
674794437bae32e14606e927,AIH
6742548291464e75fe071c0a,EUM
6495812142d3dc859120167a,CDK
662e7128bebd0f32a0e37726,LUV
67423c4912eb23253a8857d1,AIH
655d11a9f53309023c2d17d1,QPE
62b093e09e4d607b31970ffc,SPT
636e3b7dac402be1e997d78b,QRL
62b098b2c7a8d308c1a45555,QPE
67117cdc92acb9707571300d,ZVL
66d0a8b4d33f09a3dc0a4a96,EUM
66fa6cc35c7fc6d0f25e048c,AIH
673b58187068264afd353479,VHO
66911ae8e0c9d8e457266a28,GSB
64f593e2c47bb32be3196b62,TCU
67190f83d7d1fdd174bc3d2e,CPS
6745c9592a99ead141ce3c40,EUM
6744da347fa20fa555db4f40,EUM
64ba84847e4ee42d805cef0d,EUM
67430d5b6a67131b2c4f753c,EUM
662cfb7141ce3a1e5609df18,EUM
67472ae1b962cc8e9e15a860,EUM
67433a2a920c4670f9c09639,EUM
67451747dda262f80cd82310,EUM
62b093c5a785f0d837721cca,JSH
63c5529812373a70c9cc6c5b,DXJ
650dc2fb9a7730bafa3a59a4,AIH
66e61c26bab638ed724a3d1d,EUM
667ffc5e839d47a6ffdd3934,ZAJ
65fd8d596382545c30c18e53,GSB
667ed7b8f8b9c2dd664eb33f,WLB
673b34f357eab04d79147c1e,LUV
6454219c7d05a5243d06cc01,CPS
62b09754a363b80284c7667a,DXJ
62b08ec9eb6e86b59f0e1980,CDK
6537db752527885099e84b59,WLB
6554e750d9d422c0f00450a9,ZVL
65ba608bd70637e117354628,MGI
6552563124ce06fb33759729,QRL
67211ddf0441af7232e143d4,CPS
65cdfc5c104c48350cedc917,QRL
62b0996b48ea8f19a168e617,DXJ
664603dbba2493dfcbef042f,QPE
65a41ec1ec250e305b7b0d44,JWM
641d9790688c48d46b7d06cc,JSH
67475b0141e311da34a30962,YRM
665767dbc3c45177e0b212c5,WLB
6602ad28f71e923f0b52f5ee,OAL
67465731fee6af1aaaeee12f,EUM
670e685670973f4e13f44645,AQD
67470ff55a9d28132e81a40f,ZAJ
66d0733339e9c46b9336f66a,AIH
6569b5362a73b91148d0a4a9,DXJ
64787b46f390f7ff6ffc5000,RFD
66799998d67ef7ed4b26e073,JWM
664f08871bfb34284629c2c6,QMO
641d9790688c48d46b7d06cc,JSH
64806f458dd63d8bc5dca913,ZND
670ce3067026bc0fa2bfd4fb,ZXA
640b3afd5c599c594cd32808,RFD
66cf6c7cac1d9c6163e895c9,ULY
654aeaf7a1e61585095c4fbf,CPS
674827039f0fab59f5937d0f,SPT
6650a245d65e1216d4170d18,IBD
65dc7e218511b77b98c617e1,EUM
667ffc5e839d47a6ffdd3934,ZAJ
670e9bfd5891587fff67ee9f,AQD
64afa59e90ea048d85a0b7c6,GMI
6748760bdbee6c7d3ba36f08,AQD
6477573f2717807a011dc726,EUM
67479f47fb113bd37bdcb3de,DXJ
6740b42508d31e7f295373a2,AIH
6727c57feda910bfe0ee0321,EUM
64f85e4aa89ad35707efc2b1,XDN
6745c9592a99ead141ce3c40,EUM
66caee1cf272ea8d9686a2f2,EUM
67465731fee6af1aaaeee12f,EUM
6744fbb8442a0ed0bb8cec70,EUM
6746f89075dc1969205a4756,AIH
674481e1744e7efcb75271e8,ZAJ
6652fedba67089f7c4c47c29,VHO
65b905d0be036c29857dd3f4,EUD
670526f9bd468b70e0c27702,EUD
674852b39f0fab59f5999d57,MGI
6720ed5ed723934b51c224a5,JZT
6720ed5ed723934b51c224a5,JZT
67486debb57a527c130d620b,JZT
647f6b9e6e7c692793aed541,EUD
64b9612e6d38e348c8a18de0,ULE
67489a6ade4ef9cde83b9640,XDN
63f33c91676ac5e19cd875b6,CPS
62b092628466923bc9c76e46,SPT
671b519c325b290f533fb86d,ZND
6748a39a21243aa0eb4a866f,TCU
6748a5e82a4b38bb417b721a,ZAF
6687c5630aac905fa822f696,AIH
67423891ee8703bae97dfc6b,AIH
66dc4f4be4b70a8ccf4b9826,GDR
67485cda4229ff559cc909df,XDN
64ca7c3a94490ebc09b5d541,JSH
641d9790688c48d46b7d06cc,JSH
6748816558ebc19e90f76a5e,ZAJ
674881f37824bf1e3a503d0d,ZAJ
674882296d7d383b45c97462,ZAJ
674882c79f0fab59f5a01ca6,ZAJ
674884164000aac11627f70f,ZAJ
674884599cbd7d0e7637a363,ZAJ
674884c73784e0eb44d744bc,GDR
67489b29ab1a61e0f033349f,XDN
62b08f23a5926e6ecbba98e8,JSH
672e0f922799b2e75875a09d,EUM
66d499dd6051f106805129ed,EUM
62cf103be5522e3f829a57cf,NOX
67221b5ea3abe0c0536dd141,QJW
645500e6c79d1e6bba0f21b0,JSH
62b0938d9103cb18922c7bd9,JSH
62b0953ca5926e7df8bc0a73,QPE
62b09a28e146a3782378f316,VMD
653ba81e55f146416a217eef,JWM
6748bf532a4b38bb417edeec,IBD
65e98fd5581f8e65a03ea7ff,AQD
647db6d89e40c6420b23b838,ULY
62b0954242fdad8631bb6e5e,QPE
665397879d9f438a0fa620ea,GMI
665984585a9c9430b15b78cd,EUM
6701015986f49655c48442a0,YRM
6703cf2c2b2b257a8ea2df28,EUM
66fd8a39ad6a5c3db094d342,AIH
6659946a1c90804b10899185,NOX
673c5f9256ad6df20bc41bad,EUM
6467bcbc8b35483c0043cab8,EUM
62b09a7428f07173c6ef1074,QPE
66c08dda1686272407125dc4,YRM
64ea4ff548035a8a34f438b2,QPE
66cdd3625e70654ecc669ddf,ZVL
63319eb3fdc6d55e9a8c9bf5,QPE
62b19a67273bd50e30207b70,VMD
64db3dc15bfc1c8380fa4349,BLT
6650becac257646dc683b428,JSH
62b09587eb6e8684e90fba59,QPE
67010a6c89a74a4f6a69fb1d,EUM
66cf200f23dce26a725d0224,GMI
62b094e548ea8fb01367be24,VMD
6745987c74606d6b1ded3a37,OAL
66881a6bb1974c2bc8c18854,VHO
62b096fcfad9517faaedfb4c,JSH
6744723b8f0c730b5676d906,RFD
673fb9913d548468ba644daf,DXJ
66b20005521d4dd8af3d653f,OAL
6468a27398202bc9f6b1da4e,EUM
67375f49020c7410a0431ad1,GMI
65bb9d9251605a1aba498b6f,OZX
6662c77143c5b1457c8fadff,YRM
664c6a1c232d599bdc5c7155,WNF
6377d7d8634d492d7a01470e,ZVL
62b08df8874ca6c086a53274,VMD
659733aef3afcb94b644d568,CPS
65e9b26a8d63f4308745f6fa,ULY
661903044cbb48acfe354b48,QPE
6454219c7d05a5243d06cc01,CPS
674497c38265c78074ce8055,GDR
663a50842dcea24eefa32a98,VHO
6748c0b458ebc19e90ffe925,DXJ
62b0910215eeeca8f3df970a,QPE
62b0910215eeeca8f3df970a,QPE
66fadf946f0699911a8d4c81,EAZ
660e612d46a99ee7344a4cba,LUV
651309c70640196c064d2e77,DTY
67448cff16271ec402b551d9,ZAJ
64b53f464787fb878278dde8,QRL
6745bc15ae12bc74188c1302,QAH
62b08fbfbf959984180d27c9,QPE
62b09a249103cb6f8b2e2725,JSH
67465a83f91b363d685c781f,CPS
64946e5e3671df7241eab13d,XDN
6331da3bd15c5f32122dc13a,MOV
66979a67a05967e22bb8ac3a,ZVL
669f93c69876c13b3c48f252,VHO
633f26aa909a62c9b7172323,CDK
644266f75a5ad045778952b1,QRL
65982170bb99bb7ebb68a66e,GMI
667e7c97ed95e82445ecf27f,ULY
64513f574fa17ea66ebf8d3e,JWM
62b09a9b8d2d2e1e69a2486f,DXJ
62b0937fb884003b2e834e77,QPE
6745cf41fe409f8bb2cc433c,OZX
673c7eab29596f66c8a3bab3,OAL
673ce05f8e4698551e753724,QJW
673ca4a2d082c9446f5ebba2,QJW
673f211bf8dd8d4898f9adac,GDR
673db8bb8fc6c69ca586c841,GMI
673debaca1e9102c81252af0,LUV
673f49a7f8fc5a696c575cf7,DXJ
6740a7d2b06832837cc91847,ZAF
67406c22e2ae0f0a93fe93f8,JWM
67409a0808d31e7f2950379f,ZAF
673fa9952b967f2e7bb17d22,GYQ
673f52c7476dc576d8f10a5a,RFD
673cb1aeabc907a5fdc72429,ZXA
673e0ce0edd67fcb1814fb93,LUV
6579db281281617a0a95fd1a,AQD
65f99b5df5bf2f79e005dfc4,QPE
6735dce770a9f1119534aa3c,EAZ
67470eb5846c3fa96d87b21b,JZT
65b8fb6d61ed2195499b1759,QPE
66a257447c141c426cd1792b,IBD
6690e6748d1e8af4449283e9,EAZ
67376edadc36bdf2041a4aeb,ZAF
67331def8dd7152082bc4faf,ULE
6630f26c5b51446d8c00019b,VHO
6740160c55140c94c61d6f24,AIH
63c678e333bcc13f33583ee2,JSH
642c56c96afa5e6dc972723d,DTY
65d1251a675b9df7ad65e58a,QPE
663b932a7946f333cc6a8e7e,CPS
646f8b536d9080dc6f098646,JSH
672517a4d252cf222fb187b0,CPS
63fe1f7a3e1ffae53b51cbd5,QMO
67479f47fb113bd37bdcb3de,DXJ
6749b394a335634a7631dcaf,DXJ
64aefb4eea609836edf72e5f,SCT
6335949baa4ec292dccf3f7b,GMI
6733556b7bf78b1617f3b22c,ZAJ
63415ab6d53a1c5505d3e137,ZVL
62b090202bb9e79178d08e5c,QPE
66ed816952f71bedc391ab22,AIH
64ca399394490ee1dba98515,JWM
674794437bae32e14606e927,AIH
6746f89075dc1969205a4756,AIH
6704e61a0bc6e6d2a7858386,ZAJ
62b08fbc4a88995245d9c9f4,QPE
672bfbaaf23f78922fb5eabd,AIH
62b095ef11c11d79f622be3f,ZVL
62c6a5a14a958c512cb39325,QRL
6748aab210f652969cdf662c,OAL
62b09895e146a3359f788708,WLB
6748a01493f95356c34171d3,TCU
6748a6811814890cbd076877,MGI
674990f033dc164badc82216,CDK
671a66012b180b75724459b8,CPS
65d9f96cd12eae70604aabaf,GDR
62b09389ecc167a94c74f1c7,LFY
66dad2913de12130356009b0,ULE
6733442b6cd46c33bc080c49,ZXA
62b08e4661492607f965e470,QPE
66d341258c4d42ebc41a4f68,JWM
6571f44eef497f6189d78cc1,WLB
67488903a1a5d0a8b30e4e5f,ZND
6650a3777808353bf8eee3ad,IBD
66b24ed0c64e1c0c261beb3b,MTG
67481b89a1a5d0a8b3ff494d,EAZ
65f46d956c047a839a9dad16,GDR
674459a76476e710181e5b8a,DXJ
6735d81ede1b6969a478212a,GYQ
66e80415dd40797368716ae1,ZAJ
6693f0030ba41608119ebdb0,ZAJ
67474474846c3fa96d8eee9f,CDK
6748b9c151227e0b9717986d,MGI
66e28ec3fb56d26d9cbe9e30,ZAJ
67472ae1b962cc8e9e15a860,EUM
6749a36af3f5097d8ef50c87,RFD
6749a9cd4ef558d97d66db73,MOV
6749a8b8913c7f22ebce0274,EUM
6749ace45dbdb487cae51077,EAZ
6749ad975dbdb487cae529a1,JZT
6749aebd108c03024ff35512,MOV
6749b6f5e3b524c4e7df0f05,IBD
6749c658630dedd95903cf82,MOV
6710f8446dbf04046be534b8,ULE
67039c5a8bf8ee3dda08c1c8,ZAJ
65dcc5f484a282b34a3454b4,RFD
6735cfe5de1b6969a476f92e,ZAF
6737278e24b58c292fda23bb,XDN
672cc280ea2c574176fb542f,VMD
6735e6a82769d0ec53ec0912,LUV
6652fedba67089f7c4c47c29,VHO
647db6d89e40c6420b23b838,ULY
62b097a6c5088f67a20abdd8,ZBE
65e9aa05629a1253b528c921,OZX
6450cfb38c80ba29ff293e70,VMD
661903044cbb48acfe354b48,QPE
65d878f38feec4462ffa5716,ULY
673dff81e2f0642d6c76c3a7,ULY
6454219c7d05a5243d06cc01,CPS
67499f0a7bee5c12011cfc25,ZAJ
642bf5f4bbc1662ceb44ba33,CPS
64118cd1938bd02d95ccae87,YRM
64efa0cda78df118c937adf3,QPE
6745c9592a99ead141ce3c40,EUM
6749be9b18a2eaa83d34d8c1,OAL
62b09389ecc167a94c74f1c7,LFY
6741ecd4e33fc1bebb9d78fc,CPS
674995b56502363e23f18edc,ZAJ
6749a36818a2eaa83d315227,ZAJ
65155d9f0b2f963104bf4fcf,QPE
6749c3565e527754d91d80a6,JWM
65749fbcce5d410549bdb60f,CPS
668c1d203a0145fec1f6ccaf,VHO
6391e53b5c6696b813354f15,QRL
62b0957ee7e266ab1da4ddc9,QPE
64d3b61e0518039e39d6dfc5,MGI
67387c8f97ebd71bc886d66a,MGI
672c993217e075a4c1a7c56e,AIH
62b096fcfad9517faaedfb4c,JSH
65ebb038b6e42051c6075568,QMO
673e49df7b6548f7dfb7729d,DTY
6710f8446dbf04046be534b8,ULE
66c06c7d52d79087eea50be3,IBD
663625882610b35c07f90428,MGI
6745c9592a99ead141ce3c40,EUM
6746e075bf125984240567e3,ZAJ
64f7322350da71598231a4c5,ULE
67475723fbac7333c485517b,JWM
67363c81d0dd403afc0b94af,NOX
6573624ce7eab74cc230dcc5,QMO
66bf13d8f70d04c8f020b197,MTG
6734d7e8e6e18c22e72f5ad4,TCU
66cde271da46791dbfe3ee59,OAL
62b09b4f7e5ab84a13363f65,VMD
64889fed83b4d92eea3f2ed6,CPS
6630f26c5b51446d8c00019b,VHO
65dc7e218511b77b98c617e1,EUM
6745c37db790160b37a29e3e,OAL
67448cff16271ec402b551d9,ZAJ
64612a03d4bf892272059f31,GMI
6738c20d97ebd71bc8909e6f,VHO
6454e05774f33eda9177d1bd,QMO
66d2f4251c856201f7d1f335,ZAJ
659bc6d8f2da25dce031f8b4,TCU
6749e1c98d0f08c11f1715ad,ZAJ
6737444131949c6a71a033b3,IBD
62b09875fad95137daee5830,DXJ
6735dce770a9f1119534aa3c,EAZ
62fe11a796dd175616ae6de3,QPE
66dad2913de12130356009b0,ULE
66d2ee1b0c30230cd85cd0e9,MGI
6749e363a335634a7638347d,ULY
67465731fee6af1aaaeee12f,EUM
6737b7f16a7a98e32573a3ba,EUM
6745ba4d2a99ead141cc3954,TCU
672a5317704f51692c81f712,AQD
66ffc962f31b682c7173fee9,IBD
6749ca69ece7bdd2adab762b,JZT
66cf200f23dce26a725d0224,GMI
66d2e65811f9b46dc9c5db91,EUM
650d5ea3157980a0e7cb18d5,SCT
66ba3bc49cd80884d3cf5c78,ULE
67445b672853388c08ad43b1,TCU
67375f49020c7410a0431ad1,GMI
6749dde1146884146abc304e,ZAJ
6749de585549670f8078ce6e,ZAJ
6749df3c0611648518da9319,ZAJ
6749dfee091baee984fc8321,ZAJ
6749e06c73550fb990d9253d,ZAJ
6749e130a335634a7637ef86,ZAJ
6749edefbe460c9827c6a1d1,MOV
6749fa6a0611648518de1226,MOV
65e9aa05629a1253b528c921,OZX
6710fc4e1a5f4ca0c7eb2793,AQD
656884fe5e51538b9edd44ab,TCU
63ce656842667c82334308d1,QPE
6740a1a0353dc0d5380c942e,ZAF
62ee45fc665fd5f37d299049,QMO
6748438621243aa0eb3d6241,IBD
62b09a5f957b4d5059a87bf0,JSH
67475859247eb472ad352e40,ZND
6749a5040611648518d2d548,JSH
67476010fbac7333c4867212,ZVL
62debd028b91c1298b1aa429,DXJ
67338893ffcf15e34eee4b5b,JWM
673e11aa3a34a4b97e30a92a,QJW
672a5317704f51692c81f712,AQD
66953f5ddf6de10bc8609f74,JSH
63c678e333bcc13f33583ee2,JSH
672a1428371a6dcc4d916265,GDR
6749cab7e08852f3640f99b9,BLT
66b4a62091ec0a324138f2ce,BLT
67445b672853388c08ad43b1,TCU
62b08f5f9a86fd24262f710b,DXJ
6746e23af68319c20fa16fd0,ZAJ
66ffc962f31b682c7173fee9,IBD
660e63a21a6b63a463b12cd7,QRL
62d579bc8dbfe155d20d8ff5,DXJ
663a131c84b22b32f7c9714d,SPT
670fbf7751b5d8622829644c,DXJ
6660491c572c94138768805c,VHO
6745c1b5a3d8ddc7be0481ac,ZAJ
663a3f03b225fa9d55bc0db6,OZX
62b090324a8899d710d9e556,JSH
65faf19eca59cc2b54b12644,WNF
62b091a0312df33f90a9ffbd,QPE
66a12fa737ffc42e3e3e73d4,JWM
62b09531fad95123b0ed89d1,JSH
64f7322350da71598231a4c5,ULE
66a4dde1f2a4656f5e2b94f1,LFY
6735da90e422f9036f37f4a5,GDR
66cc49bc5544550e0dd0b49f,EUM
62b0987009baee4ade873e32,JSH
640b3afd5c599c594cd32808,RFD
62b098b2c7a8d308c1a45555,QPE
6745589774606d6b1de4c493,EAZ
66fe8319436e4a6c8af1bae1,MGI
66a8a7bc99e8d209b482bf64,AIH
672b41200afa1d7af98d5f15,CPS
66b77387bba4f383840d7a2e,YRM
674a02078855e4daef548ecd,TCU
6748a41a32c27affad945654,TCU
6749e4b3f3f5097d8efda3f0,JZT
66f7cb10621462c2629daaeb,WNF
65d878f38feec4462ffa5716,ULY
6454e05774f33eda9177d1bd,QMO
62b090db69b188cbe4a5271a,QPE
673f71397795f83f0c7342ad,TCU
67096ffbcc74a6fd0a75ee22,XDN
671e9cc657eb3acce1230af9,ZAJ
62e7ffb3056a58811239695f,QRL
62b0972ab8840030f884355b,SCT
63ca8e9cf85a841c6ac94aa5,NOX
62b09a59ee2b46b11744460d,QPE
62c701c72628c18d40d17c1b,WLB
66953f5ddf6de10bc8609f74,JSH
62b09b4f7e5ab84a13363f65,VMD
62b09273e17bae300d8c9b60,VHO
64a28cc4754d22fda474c372,QPE
670801c4bc1c9249f3887dc2,GDR
6738b9a707b5a1b19a9d2ec3,QAH
646031c708a9cfad0a02a927,GMI
673b1ae6fedec45845cd2ceb,ZAF
672b022d2095124053fb68a6,NOX
654a5711c11a2beb9bf88828,SPT
6723738b90321b0ed6b6bd10,LFY
654cff790c06c31d62caca1a,DTY
64539c13f309d779f0fda1c2,JSH
62b09321e146a36b1d7729b5,DXJ
62b090c228f0711f6becad35,JSH
66b4907885ea4650040d11cc,YRM
62b0931c846692aeb0c79dfd,QMO
64d770c148e18a7c04d79baf,EUM
66953f5ddf6de10bc8609f74,JSH
6596d0f34f7a506b969994f9,CPS
658442be18729021cbea6fb8,ULY
64abc8ad71b8effee699267e,BLT
65685ecc39cf0e4c5b1e6e37,QPE
65f82f3f082c836455465b29,QPE
62b096fcfad9517faaedfb4c,JSH
656dd1843ca8752eeaf71b8d,RFD
654a5711c11a2beb9bf88828,SPT
63ce71ac9a09770a5e7bdc61,DXJ
64d4b12b5d84c1c170b53e20,BLT
673c9da62b67746f7e67660b,WNF
65cb6b9d06c166708cd54b65,AIH
673483680df142053ddbba5b,ULE
6735da90e422f9036f37f4a5,GDR
65313755446a083afcc25ffa,QRL
62b09321e146a36b1d7729b5,DXJ
6491a01b3c76c05a35cbbfa8,VHO
62b09921874ca61d8fa7df81,VHO
65ecb7883910972bb2d747ae,QPE
66ffe4b10528d74e0393acc5,JSH
66b1f7a818c33b2db679a40c,MTG
66ec5b50456254c29111bea3,ZND
63bffc4b774963afa54f928f,DXJ
6741e3fe65dcf3ceb0299f68,JWM
654c02bd978faacc8f4c1cda,CPS
668821544107499515befb5b,AIH
67190f83d7d1fdd174bc3d2e,CPS
66dc3e5f0130a52561324aaf,LFY
6722569d8cd089ad159e0fa9,VHO
66577e96157f5a2ba91c8e6d,WLB
63fca6a58a6788fd56b76033,DXJ
67472ae1b962cc8e9e15a860,EUM
62b08e5728f0711c3fec20f1,QPE
65f2d682b1124b00f4f86a6f,WNF
62b1afa2299c4d980d0dff89,JSH
62b090e84f9fa5c7e2509b5c,DXJ
6650a245d65e1216d4170d18,IBD
67191046f569e6999e2d8f07,NOX
645d1b367efd915a7a152b69,ULY
6452678eb669956a941b7e75,DXJ
6703ac60752c640d3cfc4a17,SCT
662a0701c81d3358d39b144a,SPT
63bffc4b774963afa54f928f,DXJ
641d972f688c4852d17cf877,EUM
62b0975015eeec75d0e11e07,JSH
62b096b08d2d2eeed3a13e8e,JSH
66100779f4debb3d06095c4f,ZXA
65685ecc39cf0e4c5b1e6e37,QPE
674ae01787c146e06de58c56,EUM
6697a442a059670cf4baa26c,AQD
62b0936c0a8f2fd258a8dd50,DXJ
6745c00704333fadb9a544ef,ZAJ
64ca399394490ee1dba98515,JWM
6605ba94e65f1049354cbf0d,QRL
62b08ec9eb6e86b59f0e1980,CDK
673b31620b7b1ea0ab807e8a,MGI
661676be8026b5218bdf288f,QPE
62b09101614926ed3b668417,JSH
674098fb0111f595ee4124b1,TCU
62b090e3e58be34351e395f0,DXJ
651422593f91cd6051927d4d,CPS
64c9481c2143bac30ab41ece,NOX
62b0904decc1670013742dd1,JSH
62b0953c92231361612f73c6,JSH
650b21f5e6a28f64e927d31f,DXJ
62b08ec9eb6e86b59f0e1980,CDK
673cb22a2ade2e1f3d27850b,ZXA
66fafbdeb38b4051aaf04815,QJW
659dacc176dbe9274e6d8f4f,LFY
674b316583b22d7057440fa3,YRM
673dff81e2f0642d6c76c3a7,ULY
64c1377c6d97f126c11cfd64,CPS
63e2449488b0b079ab303508,YRM
672b41200afa1d7af98d5f15,CPS
62b095954a8899fec1db34a5,QMO
62b095954a8899fec1db34a5,QMO
6718c748cb38db8cfcff0ab0,XDN
63776baad2e940b68ef3c6df,DTY
64e4ebecd7baf9776778c7c4,XDN
668bdf23d3b896552fa9f74b,GDR
62b0997b2bb9e7a736d2d772,ZVL
65dddc0258143c4bef13c5c3,SCT
637604d3e80f4b9b048464ce,DXJ
66d0d9546e8bea0338046d1f,SPT
66e7e6adbca89cbf7878fbb1,RFD
65f9d7acf9bab51688a9078d,WNF
65b9592c271f366edcb4a39f,AIH
6686ca75924a841e2e10f7e2,XDN
67386e8f8b8cfc9d17ff89bc,JSH
6741d326854363c043d4eacd,ZAJ
654cff790c06c31d62caca1a,DTY
673b34f357eab04d79147c1e,LUV
671a3ccba27e5230e169e5e6,OZX
6741b9a9ffc2566314a7e99d,ZAF
63c7e999e57eba5d717760cd,SCT
673f2e535368a04d49aaa7c2,ULE
66311fc9e360d720888d4151,WNF
6660595b1cdd8267cfe37f1f,ZAJ
639076999767eff93c68c74b,ULE
66e18adbc778dc9c92ffee62,QJW
6722569d8cd089ad159e0fa9,VHO
6749b394a335634a7631dcaf,DXJ
6748c0b458ebc19e90ffe925,DXJ
67479f47fb113bd37bdcb3de,DXJ
674a11436dd6c52bcf491c15,RFD
66979990a059676750b87be0,DXJ
663b69dc730dd7314f7cdf53,OAL
671f8ee69652d971baec8e7a,ZAJ
674a219914f221c828a54cf1,GYQ
673b1ae6fedec45845cd2ceb,ZAF
674a2d248855e4daef5a9a5e,GYQ
674a2d78f118d14ffacb1e03,GYQ
674a2dd3f11b65d30377a12c,GYQ
67472ae1b962cc8e9e15a860,EUM
674a339eefdeb86ef3abba78,GYQ
67374450660301ea614f50ac,JZT
64ccd0cccdda498b1a4d8fba,EUM
669a6aaed7c2cf0b8a6f0fbd,ZND
66dee1513b9e416380a6cf7c,MGI
674893177f41566a0ade64dc,ZAF
658d695dcada6324807cc0bb,DTY
667293c7f4e0022f736da970,VHO
630dcf6d30fe117eb1ccdddf,QPE
6495a2cf11151897aeca60f0,JWM
670cb8f08521cf7ae25d4805,ZAJ
6503243666cef651ba7f4857,YRM
62b08f094a88991ab7d9a196,DXJ
65622b789aa590d09f443f24,QRL
66bb9132bd61488386cb0aff,DXJ
66a62861b8bb2866d651a7da,LUV
657dadf3e265d60f48c83105,JWM
67475b0141e311da34a30962,YRM
62b09a50957b4da061a877cb,ZBE
64032873b21588f7e1688849,LFY
63c56a4486b64b1a4bbcd19d,LUV
671a3ee45a2f87058d0da6e1,OZX
6721f5d570c0575b2116cbee,ZAJ
64541056e0d52030f2e5dc7b,CPS
674869687f41566a0ad8d852,MTG
64b686f43ee705c866ecef24,DXJ
668821544107499515befb5b,AIH
6656146bf177c65c74bef779,QPE
62b091a54a889952bfda38fe,JSH
67444c03452dea4c876bdc65,JSH
637cf682a5e87b573e614dfb,JSH
6495a2cf11151897aeca60f0,JWM
65622b789aa590d09f443f24,QRL
6744723b8f0c730b5676d906,RFD
67375f5f1e2b7f45b008f057,EUD
658d695dcada6324807cc0bb,DTY
67321bceebd75e6cf26c48eb,ZAJ
65d1251a675b9df7ad65e58a,QPE
62b096ae957b4d5e0ca783c8,VMD
673cc7836bd4ec0377efe6b4,EUM
656df68263a2b2b4c85acf7e,JSH
66db0b5e40ddb320fab2bdb6,ZND
674cb1f86596aeba338ad71f,AIH
6556962718fd8dd502b41aaa,CPS
669152e74e121f41df6eac38,MGI
674a4a5b19eec60479a15bbd,ZAJ
6740b42508d31e7f295373a2,AIH
67095a866695af84a0b8e572,EUM
671694b339a42d9c7b657ea4,EUM
654c02bd978faacc8f4c1cda,CPS
667ff377b45fe6d59869ab1b,JWM
62b092b5324738561c3a8008,QPE
668bdd8e24e609a6b40af28c,EUM
665efdd3a0ee2622a2b7d61c,VHO
64b6d6b432b89f582d5f1297,JWM
6741c22a12eb23253a771715,ZAF
6332b1c55db84d784a9a3e7b,QPE
62d97375a0c86b02d2c347af,LUV
6627c0751ef2fc1eac1ab86c,DTY
62b08e3448ea8fdda8662be8,QMO
669fcbfa7db59f0f0314286a,AQD
65e5c703f18db254a7ff1160,OZX
66c4f2a4e449d108499ff85f,ZAJ
670a9594ac19efedb03a4b5a,ZAJ
6596b86ccad7ca89f0297d56,ULY
65f846ca820e6d3fdc335e8a,JWM
66b4af5e8f5daa0f3f141e0f,OAL
6723738b90321b0ed6b6bd10,LFY
66e18c0505ee7c3ba658ece7,ZAJ
65d6169600614f64c105e397,EUM
65ba5e563d5c4e3fbc938e50,ZND
631f0f1ea749f467dd66573c,QPE
64327609761e10002d744aef,AQD
66892c90498520066b31e9c2,YRM
6662bd9758007cfd82ec0340,ZVL
661ba8ce4e9816ac126058fb,BLT
6676731f192442ec614dfe17,EUM
62b096b08d2d2eeed3a13e8e,JSH
663b69dc730dd7314f7cdf53,OAL
67444e18d3145465e07e1a67,DXJ
67479f47fb113bd37bdcb3de,DXJ
674794437bae32e14606e927,AIH
62b09531fad95123b0ed89d1,JSH
6334431b3dcc698cb92b03ad,QAH
67488903a1a5d0a8b30e4e5f,ZND
649d3420531289214f22c2ac,CPS
6625700b32e2c77986056b52,JSH
6749b394a335634a7631dcaf,DXJ
672952df72e85b53a46408ff,NOX
674d87bc31cea9c83b535963,EUM
62b09839344593266801e758,QMO
62b08de94a88994926d95dba,MOV
66509ff7c8f7c8265c8c5e4c,IBD
62b091f414442c1e17b7b0dd,MOV
62b09766846692aff1c8acb9,MOV
6650a24fc8f7c8040b8cf5da,IBD
62b097329a86fd61013156d1,MOV
6650a1986d795938c80540c2,IBD
674cd6706596aeba33901627,AIH
665749b951e7b276a36633f9,XDN
667ace22102de5c91c784c43,VHO
66b494aa9a929f3e3676e9bb,XDN
663a365046962a0e65bf40c0,QMO
674c4ebacd90324b120f51e3,AIH
66b733177c2dbada73323626,WLB
65e315d164f1e29ac455208a,EUM
66278378a4399d735e24c527,DTY
67232c6d218a8a3c5e50cf8d,ZAJ
62b1b1931d83c8e81779eb26,QPE
671b519c325b290f533fb86d,ZND
667d449a64f236fb9c3d5d48,OZX
656889ec22290161742619cd,TCU
66a0b154bb931bc59cfebb10,ZAJ
62b097ad69b1883f6da6dada,MOV
62cf14e5d9b1da3fbdcb83b1,MOV
65b27ab5629154ccc281aa9e,QMO
674da4fbbea4350aa71d9512,CDK
656889ec22290161742619cd,TCU
6733556b7bf78b1617f3b22c,ZAJ
65b1323e88d6f425b4198ebc,GDR
66fc0dd681a4cdf01159ace4,DXJ
672a045061e397ef698eb342,JSH
6507083ac291c1b05a286525,AIH
647f41e1a39f242086fa2424,QPE
65b10440572fa36cb99a79a4,AIH
672a5317704f51692c81f712,AQD
6749fa6a0611648518de1226,MOV
67338893ffcf15e34eee4b5b,JWM
6728ae02d9087255cd585f4d,AQD
670801c4bc1c9249f3887dc2,GDR
669e6c62bcdac8f631f1d596,MOV
66cf200f23dce26a725d0224,GMI
65a806d80366ce0b210f53a1,CPS
62b09e838d2d2e5878a352ab,QPE
65b8fb6d61ed2195499b1759,QPE
65b3cc237674fd75b40381dd,ZXA
66b346598a68cf1497448bf7,JSH
67470eb5846c3fa96d87b21b,JZT
6630c965bb4c31d71244cfa6,WLB
6744745736ea6bd76d153ad2,RFD
67346cb60551d84c17737982,EAZ
6650426487bb571907269966,OZX
62bae94643732730b60823ff,VMD
62b092a3bf959963070dd338,QPE
6734d7e8e6e18c22e72f5ad4,TCU
663d091e97be358e0b4e9a3e,MGI
62b090202bb9e79178d08e5c,QPE
6745589774606d6b1de4c493,EAZ
65982170bb99bb7ebb68a66e,GMI
64d3b61e0518039e39d6dfc5,MGI
673e596bf790feab85a68695,MTG
6484ef331a8a00452c4fa9be,CPS
63cf16039c1410f8f513915e,CPS
6610322eb7a9c226767f5c63,EUM
670fb914faa41eaaa409fa71,DXJ
636a4a1993b3ee433e9efc07,MGI
65d878f38feec4462ffa5716,ULY
67451747dda262f80cd82310,EUM
673f87d19db0076ff5031f1f,ZAF
65ebb038b6e42051c6075568,QMO
666038678710b4a3b31e74ed,ZAJ
673b6f11a83c5f33d81286a1,RFD
668e8dc076363d1fed93bf07,AQD
641d9682688c48033b7cd4b6,QAH
62b08f40614926eb8f661d74,ZVL
640f37cac723c37998cda78c,JSH
6749beeb8855e4daef4bb0fe,ULE
66d96c7a96b9084a0e35623d,ZAJ
65e6fe526cbdb6823f8b71c3,ZXA
674db2c4437a5d4a657cb9f6,ZAJ
6729036750689c0e77411601,ZAJ
636e8fb7469c2e58f9cb6955,LUV
655267ba8a120022f174ed50,MGI
6740c77d5a5f692e58866277,YRM
667adac1a1992efad93c1654,MOV
668d0edb8aecf34cfdb0fd63,LUV
6740c77d5a5f692e58866277,YRM
643d3cb374e5585b21842dc8,RFD
63d23e6184cb6751d61db970,AIH
66ae5eba9b9b3852a1e23fad,TCU
674dd7723de58e5da9f454af,AIH
6749a8b8913c7f22ebce0274,EUM
6749a8b8913c7f22ebce0274,EUM
66f3dae72c26bb088e9cd887,YRM
66ffd15b7860724541d10fef,QAH
655267ba8a120022f174ed50,MGI
65cd3e05de02ea310928a7d8,DXJ
64d913306a1f7c566bf1b448,QPE
6391e53b5c6696b813354f15,QRL
62b098e5a785f00a2c7364c5,QMO
63a209b59c2ff6f7c804ecae,EUD
66b494aa9a929f3e3676e9bb,XDN
63edf794b737853d12d00904,DXJ
65ccca2033b186f6615b36fa,QMO
672e095f2799b2f6ca74b9b1,ZVL
65035822337b9c135854889b,QPE
62b09395e17bae228e8ce298,QPE
62b0961128f0714ad1edf316,QPE
66af398b656b33fd083d2703,VHO
6679a05e09e4fa270f518b5e,EAZ
62d96e1f31061467c07ee3c0,LUV
63f491d3065540745942fb41,XDN
65147cc19283d987abdf6047,EUM
674a4a5b19eec60479a15bbd,ZAJ
66c8fe8d0bdb199f5af86547,EUM
67462bcd20bba2124192c6b3,AIH
66aa1c5b1d4115869ec8efcf,VHO
671921a1253514d77d8aefbb,EUM
670cb8f08521cf7ae25d4805,ZAJ
674b72b42d5bc10dfa408721,MTG
6643af21d9504b52d108fe71,QPE
6749b1da408485a47be3c777,AQD
647508697a1b0f045f18b1ea,CPS
674187b177aea390be2a7373,LUV
66c9f5231661da6125b4649c,ZAJ
65804d650feb1e66e3e58b2e,AIH
63c7ef42fe9c270bcddda99e,CPS
64a292ed8f34b2c8747b95f1,QPE
65c265cf08b7c978df6fdee7,JWM
673c9dfa915ca025b00f9bd0,ZAJ
62b093c5a785f0d837721cca,JSH
670e975c82b8d70c6f6d6afb,AQD
673b54690b7b1ea0ab854546,CPS
62b0975ff36fd6242d31985b,JSH
66f466e35494404cf57d0540,AIH
653e1d4b9fab2cb3d2a63936,QPE
65b27ab5629154ccc281aa9e,QMO
6745ba4d2a99ead141cc3954,TCU
6720c5e7f85384616f21a257,WLB
655d11a9f53309023c2d17d1,QPE
62b091a0312df33f90a9ffbd,QPE
6537fef6f823703a934d7f22,MGI
668463577d0db53556bbae2a,NOX
647f429f14bacc0a17a62e68,JSH
6745a0eb953bad7e73f6910d,BLT
6731d2fda1f1327736ba5dd3,RFD
64c9481c2143bac30ab41ece,NOX
6746240b846bf4e5ba77e8e8,QJW
672e3e36635152bf33e0b665,ZAJ
64d913306a1f7c566bf1b448,QPE
64d913306a1f7c566bf1b448,QPE
67475859247eb472ad352e40,ZND
6520200e19f88b65855bcf0c,JSH
666c477ddae1ae2d6431d15e,MGI
668821544107499515befb5b,AIH
64778e860cf62842d8779f54,AQD
654a1af3dcd45218e6ffd01c,EUM
6703bf2fd9ee0110381c429c,LUV
6697b83f00cc71b9b5109cb0,OAL
62b08e469a86fd5dfc2f3200,JSH
62b08e469a86fd5dfc2f3200,JSH
673ce6808ca94d9a54792fc4,EUM
664e1a9f4ee87ec0cbd1a502,YRM
6748a26cb57a527c13146446,TCU
674a309b6502363e23067b33,GYQ
646bb80c214ea2e68b87b100,JSH
6630f26c5b51446d8c00019b,VHO
670ff050047d085dadc51e66,AQD
67001e1f3abe4c401da156b9,VHO
6454e05774f33eda9177d1bd,QMO
64c0d74f8ab1ba57801799b0,BLT
672cb4cfbbe2883a2d125266,CDK
636142987b9fb22924833c2c,QRL
66a8af44e5e09a0ce8bc6771,IBD
6650a1aeb38dda28b3e43652,IBD
6650a4037808351df4ef008e,IBD
6650a14cd3a1c9edc665a690,IBD
6650a285cb3116441169ca5c,IBD
668d57331b49b788ff9f1cdd,JSH
62b094d3846692551fc804d1,DXJ
640f18a472b22090262eca52,RFD
64665d79e9c83340f343cf7b,ULY
646c86d070995f44b80dcccb,VMD
62f3f6f0e6ef9a2386780d00,MOV
66dc6a27997bb33ff9219fd2,WNF
67446fe5e11309376ce387bb,RFD
66b389fa5b6a7f2f48494250,MTG
6710f73318b47ce7dd55ad6c,ULE
65ede8fcd0533cf72bb01e83,EUM
6683b946e2f51f9c4f7e2ba8,GSB
62b0976a324738646c3ba977,QPE
674dfa8a0a3965389732c8a7,AIH
63297663186876d8b02dd5fd,QPE
6734f0d2180ac35139084014,AIH
62c6a5a14a958c512cb39325,QRL
66ccd20ab7d5614383ce76ea,LFY
666877f15ae5be73d545e981,VHO
66a8f26a98d7f9656d418302,AQD
66eaa63fa31ccb48b7a64c47,ZAJ
672cb6a0cf408d663b96733c,OAL
645b78ca740e4c4a045e1186,ZBE
66e5139da44d8c2cfbc8078a,ZAJ
65c637da00c567ef1aa4a351,QRL
673f55ddf8fc5a696c59141e,EUM
65416b5b152d19f8131fbe0e,NOX
63e409044de8ed1356a874c5,CPS
674bff9d647bb2bcaa3e0377,AIH
64ddf540287dee5dd2ad5162,DTY
64cfad5199e5ba19fed53e3e,LUV
649d983b95e4ab51db0a1c04,QMO
63c82e4aada84426d0c63e7f,SPT
667293c7f4e0022f736da970,VHO
66f7e7842b3aad1014c77b13,LFY
674cb1f86596aeba338ad71f,AIH
674c4ebacd90324b120f51e3,AIH
67476b238d5b0d2a402cce47,EUM
662e7dd6fc95c5365c92e6cb,EUM
674d87bc31cea9c83b535963,EUM
6616549b898edc2780a56a31,CPS
669f8bae64a514e027e9fda4,NOX
62b098a1c7a8d33516a44fed,QMO
6736314d4bdc71628882df4b,ZAF
674dd7723de58e5da9f454af,AIH
65e9aa05629a1253b528c921,OZX
66c3e2f42a7d43bc4684cb1f,EUM
674ae01787c146e06de58c56,EUM
674cd6706596aeba33901627,AIH
6473bb8c1a8eaa908e45f854,CDK
661903044cbb48acfe354b48,QPE
65f97cf19b20f8adab9aa838,QPE
6734f91ad2c761f3c239ca65,QJW
67498b4de3b524c4e7d95051,ZAJ
659d613f9f206d9d5bee8c84,GDR
62b09ac0ee2b46a86d446070,JSH
646779d5b28f1d7621649b6a,QMO
6745d346f534b558c1aea6eb,OAL
673dff81e2f0642d6c76c3a7,ULY
66e80415dd40797368716ae1,ZAJ
65416b5b152d19f8131fbe0e,NOX
674e0b6fa20516b900e4e770,NOX
674e0b6fa20516b900e4e770,NOX
66c85ac9cb8033e0c062851e,XDN
6560a82dc11b375a63380fba,JSH
62b08fb648ea8fec9a668526,JSH
672a555967e154dfc2bccbda,AQD
66d84d3ca17b217c62498ad4,CPS
6554ef4cf4f0a88a14bdee5f,CPS
66485fb34d5bd2179ddf8cf4,JSH
6728df45bcbe1ada6839f7c1,JZT
672b37fe398d856f55de6300,ZXA
63495d63882b7220a73040d6,GMI
66daf0a4a5e1c83d743799c0,GSB
643d6eb232898a5422893c3e,QRL
65b9592c271f366edcb4a39f,AIH
673f55ddf8fc5a696c59141e,EUM
6651feb8bf1ac8f9a43345e8,YRM
658464c8cef82d718f81cd56,AIH
674459a76476e710181e5b8a,DXJ
65b3cc237674fd75b40381dd,ZXA
6633d6014ef3aa68ab2b10f4,WLB
664f429710bbce11e7f3c2ea,QMO
673f8221e0c6f52305f25ae7,GDR
655dc8d7a945feebc61a8359,JSH
670d49d34ae83832f6f5a4bd,JSH
66ba3bc49cd80884d3cf5c78,ULE
66f292e877db5d36e4dda87b,AQD
65732fd8c6e4ebb328054822,ZVL
672b022d2095124053fb68a6,NOX
66bde4ed50959db09eb7a227,DTY
674ef2d413e46334131ac19a,LUV
64d0e26179220108fe40fe38,QPE
62b08ee79103cbd0fb2b64ea,ZBE
62b08ee79103cbd0fb2b64ea,ZBE
62b08ee79103cbd0fb2b64ea,ZBE
672d3a8d5cc9ea107eba0ad8,MTG
66228ad683678004e4e5a7ca,WNF
65a51c81d6592fbc9c203a25,LUV
639c543b5b9c4e9a07a4818f,DXJ
62b08e96c5088fa1a1089064,DXJ
673e21b67b6548f7dfb1ec14,NOX
659e96cfa7074b761fb01e66,GSB
659e96cfa7074b761fb01e66,GSB
6728dbf19999ae33e25ee790,JSH
66a25748fb38520a28feaede,CPS
674edd0113e46334131776b4,GSB
62b08ee79103cbd0fb2b64ea,ZBE
666c41cb0b751c45c5e63d5e,IBD
666c41cb0b751c45c5e63d5e,IBD
6672dd5e76ebb75697592b16,QPE
672b7594def20f1deece7c92,ZAF
64105ce43353b481f9a159e9,XDN
674f01ab86a3f0f983de3e89,QAH
62b08e3d42fdad6350b9c8ba,VHO
6696718f55bc585a8d5d9e05,MGI
63dd5336113537881dad3d3c,DXJ
673c5760d082c9446f53346e,JSH
6399a3bd37c712ff20056582,JSH
674d87bc31cea9c83b535963,EUM
67331def8dd7152082bc4faf,ULE
64884dd89d8755ce65e35ca6,ZBE
67472ce38d5b0d2a4024a915,GDR
634049ca25859a3fb0e03652,EUD
63725fb55cb2db54bb39b48b,EUD
62b1b1aed05effcdc537f275,JSH
674dc821462356d803bc69de,QAH
63725fb55cb2db54bb39b48b,EUD
63a209b59c2ff6f7c804ecae,EUD
66e18adbc778dc9c92ffee62,QJW
65d1251a675b9df7ad65e58a,QPE
674de17f01c101f26ce52566,MGI
62b09004298b9817118169d5,DXJ
6332b1c55db84d784a9a3e7b,QPE
674a309b6502363e23067b33,GYQ
67360f2e00f12c3b24a7622b,ZAF
674ee2f075e25a819379aba5,JZT
660e993073fd997b9b8969d5,EUM
642bf5f4bbc1662ceb44ba33,CPS
65974c4f0e63ff2315d4c376,CPS
67473e2175dc19692063a41a,CPS
673b4751d9e683ca4c54939c,JSH
673b4751d9e683ca4c54939c,JSH
672cb08a42e5f267e080f059,ZAF
674a2af0b44eaf2eb9bcdafd,MTG
66c4f2a4e449d108499ff85f,ZAJ
674b0a4dae639005dfae8121,OAL
674afd9e6c52d295dd019a90,JWM
674b1d6491f33c69b88114c2,JWM
638e24c858fb9fec57861609,ZVL
674db5da31cea9c83b59cc54,LUV
674dcbb31db80a6c6eebef58,LUV
674dd717d31407c6ab2bff83,GSB
674d98b97e5b3e89f5b94212,ZAJ
674d7ab232b4c47e894239c9,EAZ
674dd19aae296697936fd8b0,EUD
6363e03be5bd77c2ccb74829,EUD
6749e9ca3c096f52c294319d,AQD
674dd717d31407c6ab2bff83,GSB
674e0953e756c68ae327275f,TCU
6749a8b8913c7f22ebce0274,EUM
674dd48fcb65f0f3303fd616,ZAJ
674e27372e7fa11775dcb320,GYQ
674e26652e7fa11775dc92ff,GYQ
674e288994555b12a8931d94,GYQ
674dce7fdd2752b138855f10,SPT
674e281f389bf814aec13c89,GYQ
674d9d569e45dcd6d5fc4dff,ZAJ
62b0987009baee4ade873e32,JSH
674dfa8a0a3965389732c8a7,AIH
667c386466d95077bf378a18,VHO
674ae01787c146e06de58c56,EUM
669f8bae64a514e027e9fda4,NOX
66a212f7c95be2b53f343c94,OAL
6745589774606d6b1de4c493,EAZ
62b08f275df0576e9ddd9336,QPE
67087093fe101f91fb5239b8,GMI
65e9a49f328dc5d660506e33,GDR
64f5d3de6ca7ba3fee0d1a05,EUM
66a8f26a98d7f9656d418302,AQD
6728a7cbd5416c2fc5b3d65d,ZVL
63fe1f7a3e1ffae53b51cbd5,QMO
672b6513a5f36ec3e2619c4d,QPE
67335b916cd46c41a50b5a6e,ZND
62b08ee79103cbd0fb2b64ea,ZBE
64b1122f7a7871fd6568f268,ULE
62b09093a785f0c26371591a,QPE
62bae94643732730b60823ff,VMD
62b0910f28f07175d0ecbcf5,JSH
65e5c028f81e42538cd23328,EUM
65e5c028f81e42538cd23328,EUM
62b0998e7e5ab8041835c779,QPE
6722455de9e54c55a41379c8,QRL
6475d3839e561b5d2f5aafca,ZBE
6734e2a238563daa8d2145a2,RFD
67388d171b6bccd1e40efe6b,MGI
66f3f5d52c26bbf56ea06f49,WNF
62b9b87b3a02073328159b4a,QRL
65f82f3f082c836455465b29,QPE
6722a05b4b3ae9d396eb4c7b,MTG
66e496d73c4ea061df8b8aec,YRM
6747491b81e1caaf429889f4,XDN
65d5cc5a74166e694ae4363f,AQD
6747513a846c3fa96d909835,GDR
63b56089438bac0cfac0b019,QRL
66be1fda50959d76c2c3b7de,QMO
6643af21d9504b52d108fe71,QPE
6745eebccbd9018e64637fe8,RFD
66854df7298fa86ac92fda17,ZXA
6571f44eef497f6189d78cc1,WLB
674db0ff49013b9086536dfe,TCU
67234b4811339f46ef188a2e,OZX
650db727857196078784c561,QAH
64d4b12b5d84c1c170b53e20,BLT
66eb35c4dd383a78cb2ebfba,EUM
64f593e6107c38bddda54a0c,TCU
673de854a573e40d598b9c74,BLT
64ccd0cccdda498b1a4d8fba,EUM
66351c10ffc2da22004c4b14,QPE
6729fc4c531a442ba8f80284,JWM
674a2c643dd38d91faaaf6bf,MTG
672211f27272f6dfd5226caa,CPS
66db0b9af9c56d6555b93a98,QMO
64676b6d0d94a422fa14535f,ZVL
67044f59eb84ac3bb71e8cbb,AIH
62b08ff95df05729beddc43c,SCT
64185c4ab300ad2898e06199,QPE
673c7d8a1a4287c8b4a3ce69,JZT
6517157023f24480a52bb82d,AIH
6749929f7c4df62ecf858380,ZAJ
6470d29a132649157b00568b,ULY
62b097a6c5088f67a20abdd8,ZBE
671bb9cc384f28c9dafc4521,GSB
62b09a86f36fd6024232683d,VMD
65cf57f4200b6033f93b63fc,QAH
62b0932cb8840030f2833a82,ZBE
674db255cb65f0f3303b321f,TCU
6748bc11e6441bff743eb1b4,JZT
66aa62ba848efd339ca621b6,CPS
65d878f38feec4462ffa5716,ULY
6749e43d4ee95582e53c77ca,ULY
665f43fd787fa4b8762f26a6,JSH
670f8f030e660d52c17d4d8e,DXJ
650d5ea3157980a0e7cb18d5,SCT
6749a19ea335634a762f8a78,ZAJ
66323428dc7e80edbcb2e5a5,LUV
66718906a7c24a390b27ba8f,ZAJ
674f01ab86a3f0f983de3e89,QAH
66aa1c007593ac0a9347d1a9,WNF
670950d6cf913314293f4529,QMO
674dd7723de58e5da9f454af,AIH
674dd7723de58e5da9f454af,AIH
6746e075bf125984240567e3,ZAJ
67476b238d5b0d2a402cce47,EUM
674cd6706596aeba33901627,AIH
65c4e48a74aabb433b612d39,OZX
64b0258ecbdca5f032e23d79,BLT
6735d81ede1b6969a478212a,GYQ
62b08e65136b0726e00861c9,JSH
6747192e1ecd4162374b5a26,ZAJ
66339b1cca4dce139f829bcb,OAL
663e4f8985c7be760a6af5c4,VHO
6651f9b3d855063d10bac467,WNF
6628d36b306963fcfe9dad18,AQD
64aefb4eea609836edf72e5f,SCT
657595475efaea5ff0aecfb9,ZVL
669a83fa68a8930b950efa51,QRL
66a7e97e3ae6dbea6da6b796,ZAJ
65421a44ea5bac5812c78603,ULY
66a7e97e3ae6dbea6da6b796,ZAJ
6740160c55140c94c61d6f24,AIH
62b08fcf09baee7e4b852cc5,QRL
66102adef7afc0c9f043122c,EUM
62b094dd263844555bdcd469,QPE
64b9612e6d38e348c8a18de0,ULE
64c0ee9259129527298d0f6b,BLT
64c13edc0fad823dbf0a7e4e,BLT
66de18e7a0638d4d7c93fa4a,AIH
66b5166c89f53c3fc537acce,DXJ
6749a000ae98ccc0972fd8be,ZAJ
62b08df461492612ec65d0f7,VMD
668821544107499515befb5b,AIH
66bcd723e173290c2affbe7f,VHO
62b08ecca6ed687e86d059a0,DXJ
670cba916c8ef127ba185f08,ZAJ
66b47d3c9a11156535fb1f42,JWM
66dc8cbcd0506abe4c957caa,QMO
66d1fd8b9c4a4a0d55ead603,AIH
66c70ebfe4d9b01945427b2f,OAL
66d9729945d4f789d1dd33d1,AIH
66ed6bcd664ae53c0ada1638,AIH
6749e5a44bef3d0c205dfd2a,ULY
667dd69f43debf13774c9b3c,CPS
664e0f662b6590041f9a53df,CPS
671a340382561dfae20afdb8,RFD
6642163ff465ab5d094be3e6,SCT
66db10b9398fd883a62011af,VHO
6674565bf2ff880d5df4905a,XDN
66edef7d8c0ee41380fb9036,CPS
62b0996b48ea8f19a168e617,DXJ
6422d1388829f0e7fe02a02b,RFD
650d6fbcafaeb796413c4a25,ZVL
64d4c87b76623654dde4c1fa,DXJ
65679b8c2a3f8d042993bf0d,JWM
64a6bec54b48cd7c4e0a8cc0,BLT
66d985df1284896f12d8f8c6,OZX
62b0959bf36fd6041a31292d,JSH
643e5b2b5b6c006fb0546d37,CPS
6607517f23012b56766ccf41,EUM
65d9c7b3640e75b2b5bd192e,JSH
63ffa40de84e28e2c658cc77,CPS
63035689544bc8cd55ae2841,DXJ
63c7c8b7a2370ae7461d7755,YRM
66434daa0ca8cb7ece2c4a27,EUM
65a13ff1ac22c3e2a34d2973,ZXA
66b2192f0de7e6174206df21,BLT
66d0891478162f42ff7f1bd5,SPT
63e3f21b91b2b624f8f9b71c,CPS
66f7e2acc24973304d137325,LFY
66e57e1a883eb844f6da49ce,VHO
66c45208ccf1661b604b84a8,YRM
64a975d103e1235e1c185239,YRM
65a5267f9784d7a47e00fd8f,QMO
62b09125f36fd69ece30169d,JSH
665edcae3d25463f57ce980f,CDK
6473bb8c1a8eaa908e45f854,CDK
65ae7329f0231cadd70f8382,RFD
62b096a2a5926ee35ebc66ee,ZBE
66fbc80a0aaf5164a2243b3b,GDR
671a5bfc133d15b6a8bdb5fc,QMO
66d5ccdac9db314a3c165b47,ZVL
664ddd6fbbe3b79454e6982b,JWM
62b098478d2d2efe94a1a692,DXJ
62b09283ecc167591574b31d,DXJ
66e540506700bdcda2f8bec5,LUV
6617d68927c97f310f286095,AQD
6749fd454ee95582e53fb3cd,ZAJ
659517467fecaec99f692edc,QPE
67037a20f2175f4d66337a0c,ZAJ
672121510441afe57de1ae35,ZAF
659877dd516fb787890bcdb4,GMI
64dcf6ca2f897a5b969c250d,GMI
65bf968d3c2b587cc700656f,GMI
6749ad975dbdb487cae529a1,JZT
62debd028b91c1298b1aa429,DXJ
674f152c3b40adbc75b7b6f6,JZT
667a95a2580f274509acbec6,TCU
674a4e5b2ebb689d0e7bd959,ZAJ
62b096714e881e023eb33e94,SCT
64c0e94dd225b5aa578a8584,CPS
62b09070324738a51339f402,DXJ
673f059d13073aac3096a2df,ZAJ
673ccd6e93d4657c51b3268e,AQD
6634c7d0637b60797263e900,MGI
62b093c7846692a5ddc7c774,ZBE
672cc2b3eeda7931412fe885,VMD
673751ea73f7e6c1924a8bf9,NOX
63e409044de8ed1356a874c5,CPS
62b09a854e5398111a47a920,QPE
67486debb57a527c130d620b,JZT
674d82bdd31407c6ab204eae,TCU
6669a66ec673e272b94abbe2,OAL
63035c25544bc8c4bfb02d37,DXJ
66dad1adfe01c494b2df4c90,ZVL
65fc748184d20c11d313a693,ZND
667a5197008c3573ee29d0b7,EAZ
66ccd20ab7d5614383ce76ea,LFY
6748c0b458ebc19e90ffe925,DXJ
674d96db794e840a3a876117,ZAF
674d97e3c6d1ed021241247f,ZAJ
674d9911bea4350aa71bef89,ZAJ
65080f86e3fbdca7ed6e9d01,WLB
62b09a444a88990f70dc69ed,DXJ
63c99ebdcb486e1741e599c1,EUM
659a6efa840359172512a735,EUM
672a9006481493fbf536b9af,EUD
674779877bc0898e25ec90c7,LUV
674d9a5c462760a926bd8163,ZAJ
674d9b93821d374c26750dc3,ZAF
647f41e1a39f242086fa2424,QPE
674d9bbfeebe158c7c11e1fb,ZAJ
674440701113827471bf22a0,ZAJ
673c6a9b8ca94d9a5467e9d2,JZT
674d9e10511310729eba3cce,ZXA
66e2de31d1c74e64e8e80755,AQD
63d11f12052a8faf7b194b60,DTY
66b72d221c8bd0051a41a9c5,WLB
66b9d69a86a8d7bd950006a8,NOX
6749a0a4389bc03676681018,ZAJ
66cf200f23dce26a725d0224,GMI
62f3bd6e54b7992025f4bc92,GMI
66f51b9778db7b4a69f8347d,OAL
66f3f508b85c0a21544433a6,WNF
6749b394a335634a7631dcaf,DXJ
66164a92410418baa319e8f3,AQD
64d23eee8277cbb0c6f22959,WLB
67095a866695af84a0b8e572,EUM
62b09451846692c3e8c7e5df,ZBE
654baddac38a34a2891d85a4,EUM
66b62b2dc1af14112f619ad1,NOX
67499365a335634a762dad16,ZAJ
62b08ded957b4dd74fa571a4,QMO
67458dffdd30e6b26650e077,EAZ
62b09a8fe7e266954aa629ee,QPE
662ba7a3349a28c929407376,RFD
635687d6fbd388963989320e,DXJ
65e46881d7399c5dad6dbecb,EUM
62b096b08d2d2eeed3a13e8e,JSH
64b675e6b3f7540d516527b3,BLT
67376c3270cb4d19e2f15b98,QJW
66e41e0c4a031d90135efccb,GMI
673cda65dba99d8f888f45a4,WLB
6745bc15ae12bc74188c1302,QAH
64d3b61e0518039e39d6dfc5,MGI
65c211c4b305165c5dca3aa4,DTY
6422e8b14dd5e857cc2f618c,WLB
64aff973e219df705d313fb4,CDK
630b278cc298946974a4bb9f,LUV
67406e99e2265fbe9dee7b79,ZAJ
673cb22a2ade2e1f3d27850b,ZXA
655f85cd03d8371025a9a6da,ZND
654cbace9f8d0805365bfe86,DTY
65dcb64a0d262ca76ed693f5,TCU
6638d12863b8bd2f7b0952bd,CPS
65a13a4fba556667ee499953,WLB
661f871333c20e33d0b061c6,NOX
63ebd71e5b1f6c4330f37e32,NOX
66ebf883efc68b6f5c4389c7,WLB
6516eb7a3ac9595814cf467f,QPE
6686786cbe831b7b86b95734,QPE
6689b644073de52ca087c206,VHO
672cf23a42e5f2262b89ece9,OZX
672253294e17e9acb2719289,WNF
6744b0368d16d407fb8a656d,TCU
66cd976d85f5f315ed86f3c4,EUM
6729fad251211829db6fbd93,JSH
62b096a5b3090adb3f8f5381,VMD
67018661211346ea3d108265,GYQ
6478d14c309b14b9320b6596,ULY
6662c77143c5b1457c8fadff,YRM
62b099688d2d2e5344a1f534,QPE
62b58ed5db460d1d798642e3,ULE
631b4af45ba36140a68f5fc7,SPT
64cce404ab3a3bc0499d4bc0,VHO
674db778ede596cc5585cea0,ZXA
661cf492958b14401e0c34d3,ZBE
62b095190a8f2fa359a943b6,DXJ
63037d6b23f1e04bd432aa70,QPE
66ae411058e86e1e9537b49b,YRM
66bb25cd131cca8e6f4fd43b,QRL
674d9c120515550d4d951135,ZAJ
674dbdd9a34d885f40a6c316,MGI
674dc0ade7c23ac2d2907a59,ZAF
65b9592c271f366edcb4a39f,AIH
64f1cc1c7de1ce09d376d01a,JWM
65dde50a7066f021e4762412,QRL
674edd0113e46334131776b4,GSB
674e0953e756c68ae327275f,TCU
66b792886c3b5791a1c2fd8f,QMO
674a531ce9b2dd6833c46a66,ZAJ
6447aef563f261ec903e7a6a,DTY
66cedd2917172ca91dac3a97,AQD
62b08e8a312df3ec40a94d6b,WLB
66cd976d85f5f315ed86f3c4,EUM
62b09849136f42346753e5dc,DXJ
6491afb6a299c0528a63cd26,DXJ
648206d782278d05a9334377,QAH
6650a4331e5c7b299eb0c900,IBD
671a66012b180b75724459b8,CPS
65b9592c271f366edcb4a39f,AIH
662cb9c6e1276acda8e85ce0,YRM
67437b2b59e08051e5187a82,ZAJ
62b1b1931d83c8e81779eb26,QPE
6662bb5c26798a6ab8f46dae,OZX
65b28a3af2f151c97b03badf,OZX
63b5bec75b851db06f2953c9,GMI
63b5bec75b851db06f2953c9,GMI
62b0901dc5088f7ff608e91b,JSH
636a1f2d9edb473805113e3e,QPE
673b9236cc607f699fd1d02b,SPT
67483ff693f95356c3343b3b,ZAJ
62b092a83de6ca5e8c03a945,QPE
6435bfb549770a876c9b8373,SPT
6616c032e53ed34d7f6b09d0,CDK
66f6ef893cb31950edf0bff6,VHO
665f1bbe0824aaac46cddbdf,AIH
670bc684ecfdfe76c89118ab,AIH
651fe0b6d96af6ab2a76678b,TCU
671a7cea9c984cbe7e3caaca,QAH
673b1007283cfed917617954,ZAJ
66e80903ec6feeba38def754,ZAJ
65c0f90e4b3800756d8d7eda,SCT
6744da347fa20fa555db4f40,EUM
62b0943c15eeecaaa5e05aa7,QPE
6737444131949c6a71a033b3,IBD
674bff9d647bb2bcaa3e0377,AIH
66fd78bae8769ca3208a8009,CDK
62b0904decc1670013742dd1,JSH
62b095954a8899fec1db34a5,QMO
65ba566f791d3c158acbdd26,OZX
6691769f5aecda9dc0755dde,DXJ
651d923f47c9e909268d10e1,QPE
6735d6c7cf123e2742c6ddd1,QJW
643c3574bd097264701e0f05,ULY
674de17f01c101f26ce52566,MGI
65c0c78eab26edb6d3d6ce3c,SPT
6679623b21ce1903ca601e0a,JWM
64afa59e90ea048d85a0b7c6,GMI
660d98c8a4c02e7821e09399,JWM
62b096b79e4d60a68497c1ad,VMD
63d2b0f8375414aa8924f3e1,JSH
62b09749a6ed68d04cd25fb2,NOX
66a25748fb38520a28feaede,CPS
64786de7cd3058a522c478df,DXJ
671a7a25aa7c8c8fc3a214f4,AQD
62b0999deb6e86ce3e10cd33,QPE
674edd31b0d8cd5698685865,TCU
674ee7f19c6383f7f746fdb0,GDR
65c90fdaab8e99226ce76654,QMO
674ef904bd1cddd06c042f55,GDR
658c69262afb022259c5a92d,ZVL
6329f0d944e61f130de4bf6f,QAH
6698de5fa0d7d20912c1b383,DXJ
674f0bbaa525cee4cd0d513c,ZAF
669a2e7d36d865a9afb8de2c,ULY
66e943e146e473425268ac21,ULY
62b08f4ee58be342f0e33826,GMI
62b098252bb9e72569d28058,QPE
673f08d4f8fc5a696c4e6cd3,ULE
62b09656a6ed681948d222e8,VMD
672cad6760598e87e7e905b9,ZVL
62b08f3a5df0571288dd97e3,GMI
62b0928328f0711ce7ed13c2,JSH
6744da347fa20fa555db4f40,EUM
63edf794b737853d12d00904,DXJ
6750252c820b7270bc43c64f,NOX
6656e489a44ad32b7c10bff3,AQD
64a2e724b310fc5b51ec447a,QPE
674dc6e9389bf814aeb415b0,MGI
674dcaec32b4c47e894d6ef4,GDR
643e7c045294eda499f17c6b,CPS
674dcb99389bf814aeb4b049,ZND
67439f0859e08051e51d8541,EUM
674dcbb31db80a6c6eebef58,LUV
64c4eb272b07157e5cfa03fc,AIH
67501afd3027ff344f26cfba,ZAJ
674f24f96302c632c905a75d,ZAF
674f372311d5ba35f362c195,ZAF
674f4aae9d012c394e16ec05,ZND
63cfce816c41f5fef421e03f,CPS
674f4634b2505377ac6bf84b,JWM
674ee45b31350ecbd981453a,ZAF
66d597d8cb1307fb8c71d4fb,EUD
66bb20c98a13d92bdaf0355c,WNF
6470d29a132649157b00568b,ULY
67505618bf6c6afe1808e64b,QAH
674f5851db86c9d3e5fa77e3,LUV
675056b516935885f8018808,CPS
64232971d091e6309c4fb2d5,QAH
62b08e8a312df3ec40a94d6b,WLB
6634dab241e1059ff6bbf487,MOV
674dd41931cea9c83b5ded0a,ZAJ
674dd4b10a396538972de037,ZAJ
6694f7faa888006c1d6e4373,QAH
674dd4eeae29669793705487,ZAJ
674dd54d862eb52f15bc5885,ZAJ
674dd576bea4350aa72444f2,ZAJ
66e067ad0f3ff96f51611f44,EAZ
67503363820b7270bc45cefe,CPS
65d727f9ff7aea27ffae5272,ZBE
675056b516935885f8018808,CPS
62b08faf344593193dffd5d3,SCT
66140dbcb5ec2d3d9b5f0385,AIH
655e600a2c68c1886e20ec8e,ULY
6605b9d129da49aaae5eedf6,WNF
6736314d4bdc71628882df4b,ZAF
6401dec964d0a6db2c8e7d38,RFD
62b09056957b4d8253a5fd49,DXJ
62b09a5f957b4d5059a87bf0,JSH
62b093b7e7e2660ed2a47169,QRL
643d3797ceabf94528297748,JSH
6349828b1a81cf7524ece863,JSH
67504fe9dad8bc1a05170952,RFD
6637f85ad82e2e01cc0d2c1a,AIH
66a7b4608111f53d75628931,QPE
6698f3e4a13bc48c84c12444,OZX
66f18515e74f5bc78fbadee8,QAH
65848f62ac49d55548767882,CPS
674dce7fdd2752b138855f10,SPT
646f945c98c0625cb2614c16,EUM
666f324de9e8992286a255b5,GMI
66c9bd11b5820599c5991c75,ZXA
652e7bfa2bb4ae849bc0930c,GMI
62b095aca5926e32f4bc287d,JSH
6729ea1569e70335a30549a7,ULY
65994079b63ca73f80b653fe,AQD
66ff1f8c0c37d12a34b861cf,ZVL
6710e7c7c19b39fd6d2ffff3,RFD
64b66321d7eb2b517c837a44,TCU
6746f89075dc1969205a4756,AIH
67409b91353dc0d5380bc54e,TCU
6671a1276fc194e7c7b9e682,QMO
67167b3b835fc97321116df4,AIH
66ed816952f71bedc391ab22,AIH
661e481f2b57da0ad6136f73,QMO
62b093275df0575e8fde81ac,DXJ
638e24c858fb9fec57861609,ZVL
67374b0f4183d75adf6f4b34,TCU
6717c69aeb0fe4459a03d31c,CPS
66d7178a129fc649d365fe9f,JSH
67461ff9846bf4e5ba774ddb,QJW
65b8fe1dbe036c04c17caa00,SPT
62b0951015eeec474ce08e0f,JSH
67474474846c3fa96d8eee9f,CDK
66a76ca749d954c2b72bace8,TCU
64d3c278c1ed9d2a65a7b614,QPE
642c3fe83e8010ed2f6df652,CDK
64c382a13b7685b8b788d099,BLT
6422d62a7f61c11e28cd866a,CPS
670fd8488c673db74d60e6dc,QJW
67479f47fb113bd37bdcb3de,DXJ
62b08f6a298b9875e081472d,DXJ
6401d725ab85a5c095c7502b,DXJ
6740c77d5a5f692e58866277,YRM
633c797ce95a8f0cdac11c2a,JSH
62b09b738d2d2e233da28226,QPE
6703cf2c2b2b257a8ea2df28,EUM
64db5c4f08c89a5aa5d4165d,QAH
66db0b9af9c56d6555b93a98,QMO
66ed6884a73937394c6d6a3c,JWM
661a760f65ff4c569fcd8b65,QMO
62de6b0f1d8b8d837f920d10,DXJ
672102b902a68d47e6e92b16,YRM
62b0940b3445932e1100de0f,VMD
67362f75f05a41fbdaa1e53b,TCU
674db05a01c101f26cde8bc3,TCU
66ce130121924cf232710778,ZBE
62b095c1a5926e7c26bc2d80,DXJ
62b0989c4e53982a1d472826,JSH
62b08f4ee58be342f0e33826,GMI
662fab9f928335d9b90d0faf,SCT
6504207ddb3c9ea18666178e,CPS
66c08dda1686272407125dc4,YRM
65fd7c80799778243a23a4f4,JWM
62b098bbd970042177265496,VMD
6750565dfb0359cc9fd5665f,QAH
66f7de9ae0500dae9b8d1bec,YRM
65fd8d596382545c30c18e53,GSB
67505466049929801e930950,GSB
62b0935aa6ed68c763d167a9,JSH
64677d67188f2e3f640242a7,CDK
674f4de49d012c394e175ea7,ZAF
675049af34e40fd7da552543,QJW
674c4ebacd90324b120f51e3,AIH
674e1fa304e3f12b3d814bfe,SPT
6741f3e4eac212287abf93c9,EUM
674864587f41566a0ad826f8,ZAF
62b097b9136f42500653c26b,DXJ
62b094b3b3090a32288ed50f,JSH
674daf90e41643347cf6f1ae,EUD
62b08ec9ee2b464bd441722d,QPE
674a4a5b19eec60479a15bbd,ZAJ
672c8cc81f19cb1bb7cce8a5,YRM
675019e82e7be1d97defc89b,GDR
67501afd3027ff344f26cfba,ZAJ
6668623d7d6bf6eae42df1fb,QRL
62b092a4bf959911500dd37b,QPE
63690d08ee929f844ab0e589,QPE
654424fe9511e5275d51cc82,CPS
67502c371d570424ca4ad60b,XDN
674de565cae7a32b69c72e2e,EAZ
674cb1f86596aeba338ad71f,AIH
67476b238d5b0d2a402cce47,EUM
67504f29820b7270bc49c23e,RFD
64b6d6b432b89f582d5f1297,JWM
671bcb5c0fc478a079607d44,VHO
6750506fc5c7211274c4671d,RFD
6741d326854363c043d4eacd,ZAJ
675051c0087fb448a7617492,RFD
67505618bf6c6afe1808e64b,QAH
658d8f538019d28d3f6330a7,EUM
6749e9ca3c096f52c294319d,AQD
67503363820b7270bc45cefe,CPS
63f4b77d456ef16b50365021,QPE
659e96cfa7074b761fb01e66,GSB
66215a385e7e18a14891ae27,QMO
674a3cf7892664dccba46b0f,QJW
664082d6e95a0c626305d0df,AQD
64a6a10b00f2a31e3a1643d2,BLT
6674401e555c0272b318e9b6,ULE
64a6a10b00f2a31e3a1643d2,BLT
6716185b1fd982066039c9d5,ZAJ
6749afab8d0f08c11f10735d,AQD
66fadf946f0699911a8d4c81,EAZ
62b08dcfd9700430dc23b475,ZBE
668fa5d9a73d86588de70fd3,LUV
6655ac38699ebafcda545b2d,WLB
65521b916d99e543f16de991,JSH
673e398de2f0642d6c7e9a60,NOX
674899c8e6441bff743a2e65,ZAF
6745c9592a99ead141ce3c40,EUM
6748a39a21243aa0eb4a866f,TCU
674f7242e6c7947f975645ad,MTG
674e0a7de1308c2eb6e8618d,TCU
674e0a7de1308c2eb6e8618d,TCU
6747643e1ecd416237553ac4,CPS
6398bbd34a4c2630608835c8,ULE
62b09370f36fd6481230a15c,SCT
67473ee6a8bd8d9b00b94564,JZT
663253b4222dda5058efa51a,WNF
674794437bae32e14606e927,AIH
67433a2a920c4670f9c09639,EUM
66b624640e3286358b91cc8c,ULY
62b09a4de17bae26658e95ac,DTY
62b08df80a8f2f6997a79a14,QRL
6750784dbdf09e3c9d7d09d5,JZT
67476b238d5b0d2a402cce47,EUM
62b098cc298b98f4f7839021,DXJ
67504fae4d221ed6c08f6b2c,ZAJ
67461944bc56b490c25d62ec,AQD
6332b1c55db84d784a9a3e7b,QPE
66e6d585d1a2c7d239c89397,LUV
66cebac4e9561a5a3d3f4a9f,DXJ
6627c85acdf5b053e693a02e,AQD
65e9aa05629a1253b528c921,OZX
66cebac4e9561a5a3d3f4a9f,DXJ
66719c99f137834542445fe9,QPE
62b09073e17baeca5e8c26e1,DXJ
674e0b6fa20516b900e4e770,NOX
674dd70b0515550d4d9d39b8,ZAJ
66000a4e701fe129a686f366,AQD
6719fd8c0eb93e51d95a8855,QPE
675056b516935885f8018808,CPS
6703c5850b46f50b4895fb46,WLB
67488903a1a5d0a8b30e4e5f,ZND
62b08ec8136f4269ed519f71,DXJ
651ad6b8cd6eff76fbfca4f2,SCT
663b92d82daa52edcfb0e590,ZXA
62cf103be5522e3f829a57cf,NOX
664c7bc630f44b7edcaa367c,ZXA
66e038f9db45c777f214dc44,MGI
65d61d20570e7ded828058a2,ZXA
64fb0d941938cec8c1f782fd,QAH
6749a36af3f5097d8ef50c87,RFD
65661bb37025ca15f03ec568,ZXA
664603dbba2493dfcbef042f,QPE
673635794bdc71628883772f,JSH
674d9d569e45dcd6d5fc4dff,ZAJ
673635794bdc71628883772f,JSH
62b0910215eeeca8f3df970a,QPE
64e47573c32a950a2aab677a,CPS
660c25226df17da225bcf9f8,NOX
6540d99e1c2ba960522f3bcb,EUD
63518e6f76e496fca3e5d2bb,QAH
66db0b9af9c56d6555b93a98,QMO
674f4d3ee6c7947f9750d4be,WLB
64c4eb272b07157e5cfa03fc,AIH
663253b4222dda5058efa51a,WNF
63319eb3fdc6d55e9a8c9bf5,QPE
663253b4222dda5058efa51a,WNF
65b9592c271f366edcb4a39f,AIH
62b0962de00c0748c98d7b23,QMO
66b49e849a11156892018c64,WNF
65b896e05b5223552e8505f7,QPE
66c2140b4f8e38e7d934110c,QPE
66f3dae72c26bb088e9cd887,YRM
662a2e88c418bf36e36deb2b,ZVL
6734c5219fe0bc19717cd5c0,ZAJ
641984a36cedc24630f34a3c,VMD
65df0aaf980268c6cc1964e4,ULY
66f9499d8282e50ad7dfc3c8,AIH
62b0995011c11d33f62397fd,MOV
6671a1276fc194e7c7b9e682,QMO
6744da347fa20fa555db4f40,EUM
6717c03ceb0fe439f302fda6,XDN
66140dbcb5ec2d3d9b5f0385,AIH
665749b951e7b276a36633f9,XDN
66e28ec3fb56d26d9cbe9e30,ZAJ
6745964da9573c9871bf969f,JSH
67444ec98d16d407fb7d7dec,JSH
66ac9f41b01e865dceb9b53e,AIH
64d34cd39b0963547acf940f,JWM
66e19fa17c507fd8505c4e89,EUM
6325a160e10342eca31bcdce,LFY
66164a92410418baa319e8f3,AQD
6744745736ea6bd76d153ad2,RFD
636e3b7dac402be1e997d78b,QRL
663b6a3be758665ff836ace0,MTG
62b097f53de6ca3dba04f863,VHO
66e41805b0553265484d5d5d,EAZ
6693f150e8df3a47c6ab59da,ZAJ
66b4d9f20eb7fd91528231a0,WLB
66faa1b2aa101eab431d248f,ZAJ
67432d1e9a5ac3e9acde0f92,LUV
6633895d96c755246b011039,WLB
66412b7913eccd4eed9f031b,EUM
62b08e8a312df3ec40a94d6b,WLB
673b1007283cfed917617954,ZAJ
6374f18a2426c881328c0618,DXJ
672a59fc16be9539fdb3ddb1,WLB
6309c9a489bcc1cd73bea35b,LFY
671b519c325b290f533fb86d,ZND
66fafce2659ec35e48c7e33c,VHO
6684266e4976cd5de294c62c,OAL
64c13edc0fad823dbf0a7e4e,BLT
66a8af44e5e09a0ce8bc6771,IBD
672b022d2095124053fb68a6,NOX
65abbd6f3174333c60e60a03,QPE
674459a76476e710181e5b8a,DXJ
65464db89db7e72172733d66,YRM
6712845af0502d82e3a659c6,LFY
63a0a25398d8b216e8a34e68,SCT
65a3e0a991653fac38354ed8,GMI
66b220cb8cfb3e6fe625773b,ZXA
62b09463298b9834cd827397,LFY
62b09a6462d7c4900e41ea70,NOX
62b08e96c5088fa1a1089064,DXJ
65e5dd5d90e8513169d00959,ZBE
6741f3e4eac212287abf93c9,EUM
674893896d7d383b45cbcef3,DXJ
663ca41caae90a4483374046,ZVL
62fd3342cabb5662a54f7996,MOV
62b091cf14442c15f8b7a847,SCT
6331c351181a792ec128b22d,QRL
64df418cfebd504716096128,XDN
633af03a912757aca7d0c46f,SCT
66892c90498520066b31e9c2,YRM
65bb8f9053021453107c7ab9,MGI
674ebeb1cccbb400da6f9b2d,ZAJ
669f8bae64a514e027e9fda4,NOX
6524293fc6d0553c394eedde,QAH
665d93cadfe2322629d9f33f,ZXA
64b4817bd52b542ec1ba6586,DXJ
62b091a54a889952bfda38fe,JSH
66bb9132bd61488386cb0aff,DXJ
6707f59557852185d6b3e148,QAH
66dafb9cf62a0525c379b373,XDN
65c21f0f45545628b2526b09,QAH
62b090e84f9fa5c7e2509b5c,DXJ
674da0d20515550d4d95b8bf,QRL
64ef83f99b1ad8966efe28e1,DXJ
66a8cf2edb9c1f6162965b50,ZVL
64b50d75061dabb6d65e37e5,GMI
67123e2201dd070366829a34,LFY
6735fcd8cdd859ba0df76245,ZAF
6744fbb8442a0ed0bb8cec70,EUM
6625700b32e2c77986056b52,JSH
66e9932b57299f4644ea8eb7,MGI
6570b136313ce44b2edd0bc5,ZXA
6527be4b8f6a8b0935be7685,RFD
6725009ea63f7df9ff59fcbd,ZAF
62b09e838d2d2e5878a352ab,QPE
65e830af7c4998134e78d1d7,OZX
65f0869b3ccbbc5f87af4b13,ZND
66c88bc8489ea4ca16ed1808,GSB
6336ee9b1e1bd906cdbec554,DTY
62b09b529e4d607c3098fa0b,QPE
660d3d5b1ef09a995d877611,AQD
644139651b9eda6e28392e31,YRM
645634f055d0e67de91da3cf,JSH
63726be7c8bb015283cff0ef,SCT
66ffee257ceab85647d72752,GSB
674de6cf389bf814aeb86310,ZND
66a12fa737ffc42e3e3e73d4,JWM
6541369b527c272a57f9b4b5,XDN
673cb39821d0ea2a9426ce8f,QJW
62b09851e58be3c414e56793,VHO
66337c6960f563b582a79999,QPE
64c003a344f2d8473e3e5d3f,QAH
666c6745bff692e65270e69b,ZAJ
646deb9b7a3e75c246b1fe7e,MOV
6633d3d06dcdee73dc48c261,ZND
6746fb43bf1259842409525a,QAH
6724b2577696649d84901a40,CPS
6425abcf1f363b1053e73f76,AIH
66fd66400a42276ccda7b038,AQD
65f079dba43a751c740f6551,QMO
674d9cfc8e94a26e4b746796,ZAJ
62b097d30a8f2f054ea9f27e,QPE
674da095684adc899ff893e7,ZAJ
65685ecc39cf0e4c5b1e6e37,QPE
64bd59b5fef661791f718172,LUV
6748a01493f95356c34171d3,TCU
6738a22d8862c2a7106c76f0,ZAF
667c4ec64ea7b03eb19ed9ab,AQD
6576f3f08a30bcea918d68ec,LUV
6656edbe3a348f9d1ec2a873,AQD
62b091dd4e5398abdb457c33,QPE
650307ab2b25bd7cfd6cc046,CDK
674dd45de41643347cfbf65d,ZAJ
674f6e0deecc91a23475373a,MTG
674f6e0deecc91a23475373a,MTG
6548d8a3f6c3420dbf949d04,EUM
65e074e09d4b0f14ce1e1850,QRL
6681567edfc233057f2a513d,ZVL
6681567edfc233057f2a513d,ZVL
66339be06c000c22542a1f39,NOX
67449b038f0c730b567c5458,LUV
64ddf540287dee5dd2ad5162,DTY
64df418cfebd504716096128,XDN
64edd1de6986a40bcce8e9d8,DTY
674ee1522dce3afa09c6a349,ZAJ
65fbfb3715bc8d711c6d61bb,EUM
67263e6af7f44ec36bbf2829,ZND
673c7259a47deced36cecbef,EUM
671e30fd5e1440699efca0d2,QMO
662b849700d7f40e83972474,RFD
66e870f51a66e013822320de,ZXA
62b08ded957b4dd74fa571a4,QMO
66f910ca437fe9dd75dc0150,LUV
66633c9dc7b75e05647e5f70,BLT
672ca83c3b02c143a9f71bd7,ZAF
62b099f2d970045c0a26aa58,DXJ
64d0d3a7ab6e4b28f3b58541,QPE
6744da347fa20fa555db4f40,EUM
6729ff8a81c480a25201f93c,DXJ
65a0eb5cac22c3403a3cf620,GMI
674f19e72dce3afa09ced3b3,OAL
670cb8f08521cf7ae25d4805,ZAJ
667c0cb2e4346f07a5a1ec7c,CDK
66167cb1a7711e490811ddec,LFY
674dd7723de58e5da9f454af,AIH
62b08ecd324738ed7a39957c,ZBE
63695cc11bbd634f59d320fd,LUV
651c13cdb0dd6b675e2701ef,AQD
6717c90061c48d45e14fbb7a,VHO
66bf905f6de16dc280457f9c,DXJ
6749b95d0e3aa91a60cf9cd4,JSH
666aed4e6bd15d64be5a9419,GMI
670136c189a74a4a0f703e64,ZND
661264e252b00a7e27fe99c9,BLT
66dcce3c4d20b1ef49037ee0,EUM
66d0733339e9c46b9336f66a,AIH
62b092a49103cb44bb2c43f2,QPE
6321f71ffd3c347689931f2d,LUV
6708e5921a884bbf1edc5c9f,AQD
66a3cb9bb87ec28280df7339,MGI
62b097dfd9700471ab261d2c,GMI
62b08fbfbf959984180d27c9,QPE
658a2a5cc1adf33844618a34,QPE
64e643ba9f86ac2524607207,LUV
66773b1bf23f55918b3d47da,EUM
66f57a09c474b20191d743f9,GDR
62b09b5b9e4d60ae2498fbcb,DXJ
